run,step,method,cumulative_log_evidence,cumulative_log_ratio,cumulative_log_ratio_formula,step_log_evidence,step_log_ratio,formula_error
0,1,standard_langevin,17.987515891277845,-2.1678870446503336,-2.167887044650337,17.987515891277845,-2.1678870446503336,3.552713678800501e-15
0,1,modified_langevin,15.819628846627511,-2.1678870446503336,-2.167887044650337,15.819628846627511,-2.1678870446503336,3.552713678800501e-15
0,2,standard_langevin,35.043256627889704,-2.9559015104053348,-2.9559015104053357,17.055740736611863,-0.7880144657550012,2.6645352591003757e-15
0,2,modified_langevin,32.08735511748437,-2.9559015104053348,-2.9559015104053357,16.267726270856862,-0.7880144657550012,2.6645352591003757e-15
0,3,standard_langevin,52.21358063521872,-4.247301448947152,-4.247301448947159,17.17032400732901,-1.291399938541817,5.773159728050814e-15
0,3,modified_langevin,47.966279186271564,-4.247301448947152,-4.247301448947159,15.878924068787194,-1.291399938541817,5.773159728050814e-15
0,4,standard_langevin,68.72860253092972,-6.266221961615642,-6.266221961615648,16.51502189571101,-2.0189205126684904,8.881784197001252e-16
0,4,modified_langevin,62.46238056931408,-6.266221961615642,-6.266221961615648,14.496101383042518,-2.0189205126684904,8.881784197001252e-16
0,5,standard_langevin,86.18264332672712,-8.439925805092676,-8.439925805092674,17.45404079579739,-2.1737038434770337,8.881784197001252e-15
0,5,modified_langevin,77.74271752163443,-8.439925805092676,-8.439925805092674,15.280336952320356,-2.1737038434770337,8.881784197001252e-15
0,6,standard_langevin,104.5508044436723,-10.388355613730619,-10.388355613730619,18.368161116945185,-1.9484298086379432,2.220446049250313e-15
0,6,modified_langevin,94.16244882994167,-10.388355613730619,-10.388355613730619,16.41973130830724,-1.9484298086379432,2.220446049250313e-15
0,7,standard_langevin,122.47014089469334,-12.457158181453293,-12.457158181453293,17.919336451021046,-2.068802567722674,4.440892098500626e-16
0,7,modified_langevin,110.01298271324004,-12.457158181453293,-12.457158181453293,15.850533883298372,-2.068802567722674,4.440892098500626e-16
0,8,standard_langevin,139.2923748312808,-14.106049861341168,-14.106049861341175,16.822233936587462,-1.6488916798878748,6.439293542825908e-15
0,8,modified_langevin,125.18632496993962,-14.106049861341168,-14.106049861341175,15.173342256699588,-1.6488916798878748,6.439293542825908e-15
0,9,standard_langevin,153.55894119006467,-14.704834821809033,-14.704834821809044,14.266566358783885,-0.5987849604678654,2.886579864025407e-15
0,9,modified_langevin,138.85410636825563,-14.704834821809033,-14.704834821809044,13.66778139831602,-0.5987849604678654,2.886579864025407e-15
0,10,standard_langevin,170.30374822188278,-16.51683872486482,-16.51683872486483,16.744807031818123,-1.8120039030557837,1.1102230246251565e-15
0,10,modified_langevin,153.78690949701797,-16.51683872486482,-16.51683872486483,14.93280312876234,-1.8120039030557837,1.1102230246251565e-15
0,11,standard_langevin,186.54068900125176,-18.218709015302085,-18.218709015302093,16.236940779368982,-1.7018702904372667,2.220446049250313e-15
0,11,modified_langevin,168.3219799859497,-18.218709015302085,-18.218709015302093,14.535070488931716,-1.7018702904372667,2.220446049250313e-15
0,12,standard_langevin,204.64727012251763,-19.913644927526718,-19.913644927526725,18.10658112126586,-1.6949359122246328,6.661338147750939e-16
0,12,modified_langevin,184.73362519499094,-19.913644927526718,-19.913644927526725,16.41164520904123,-1.6949359122246328,6.661338147750939e-16
0,13,standard_langevin,223.0325369165991,-21.16109589215352,-21.16109589215353,18.385266794081474,-1.2474509646268004,3.1086244689504383e-15
0,13,modified_langevin,201.8714410244456,-21.16109589215352,-21.16109589215353,17.137815829454674,-1.2474509646268004,3.1086244689504383e-15
0,14,standard_langevin,240.0194325960452,-22.706597894878612,-22.706597894878623,16.98689567944609,-1.5455020027250956,2.886579864025407e-15
0,14,modified_langevin,217.3128347011666,-22.706597894878612,-22.706597894878623,15.441393676720994,-1.5455020027250956,2.886579864025407e-15
0,15,standard_langevin,256.1564596539471,-24.152561562202308,-24.152561562202315,16.137027057901868,-1.4459636673236957,1.9984014443252818e-15
0,15,modified_langevin,232.00389809174476,-24.152561562202308,-24.152561562202315,14.691063390578172,-1.4459636673236957,1.9984014443252818e-15
0,16,standard_langevin,273.0903950263529,-24.160716924623692,-24.160716924623692,16.933935372405806,-0.008155362421383927,6.217248937900877e-15
0,16,modified_langevin,248.92967810172917,-24.160716924623692,-24.160716924623692,16.925780009984422,-0.008155362421383927,6.217248937900877e-15
0,17,standard_langevin,290.9048051512473,-25.389156265742603,-25.3891562657426,17.81441012489435,-1.2284393411189107,2.6645352591003757e-15
0,17,modified_langevin,265.5156488855046,-25.389156265742603,-25.3891562657426,16.58597078377544,-1.2284393411189107,2.6645352591003757e-15
0,18,standard_langevin,305.9641949987152,-26.43853614534108,-26.43853614534107,15.059389847467937,-1.049379879598476,4.6629367034256575e-15
0,18,modified_langevin,279.52565885337407,-26.43853614534108,-26.43853614534107,14.010009967869461,-1.049379879598476,4.6629367034256575e-15
0,19,standard_langevin,323.3334302181234,-27.61358307191346,-27.613583071913453,17.369235219408203,-1.1750469265723815,6.661338147750939e-16
0,19,modified_langevin,295.7198471462099,-27.61358307191346,-27.613583071913453,16.194188292835822,-1.1750469265723815,6.661338147750939e-16
0,20,standard_langevin,341.0879603462382,-28.630939760020944,-28.630939760020937,17.75453012811483,-1.0173566881074834,1.1102230246251565e-15
0,20,modified_langevin,312.4570205862172,-28.630939760020944,-28.630939760020937,16.737173440007346,-1.0173566881074834,1.1102230246251565e-15
0,21,standard_langevin,353.9115154959937,-29.41565301366542,-29.415653013665413,12.823555149755464,-0.7847132536444761,1.2212453270876722e-15
0,21,modified_langevin,324.49586248232816,-29.41565301366542,-29.415653013665413,12.038841896110988,-0.7847132536444761,1.2212453270876722e-15
0,22,standard_langevin,367.911432586154,-30.183420535996923,-30.18342053599692,13.99991709016027,-0.7677675223315035,1.887379141862766e-15
0,22,modified_langevin,337.7280120501569,-30.183420535996923,-30.18342053599692,13.232149567828767,-0.7677675223315035,1.887379141862766e-15
0,23,standard_langevin,385.29602033661774,-31.03772110576772,-31.037721105767716,17.384587750463773,-0.8543005697707962,1.1102230246251565e-15
0,23,modified_langevin,354.2582992308499,-31.03772110576772,-31.037721105767716,16.530287180692977,-0.8543005697707962,1.1102230246251565e-15
0,24,standard_langevin,403.3020024683453,-31.06256258920283,-31.062562589202823,18.005982131727546,-0.024841483435110945,2.1094237467877974e-15
0,24,modified_langevin,372.2394398791423,-31.06256258920283,-31.062562589202823,17.981140648292435,-0.024841483435110945,2.1094237467877974e-15
0,25,standard_langevin,421.8217030954889,-31.876922448255126,-31.876922448255122,18.5197006271436,-0.8143598590522956,2.886579864025407e-15
0,25,modified_langevin,389.94478064723364,-31.876922448255126,-31.876922448255122,17.705340768091304,-0.8143598590522956,2.886579864025407e-15
0,26,standard_langevin,440.15130384418217,-32.59440954570475,-32.59440954570474,18.32960074869326,-0.7174870974496201,2.886579864025407e-15
0,26,modified_langevin,407.5568942984773,-32.59440954570475,-32.59440954570474,17.61211365124364,-0.7174870974496201,2.886579864025407e-15
0,27,standard_langevin,457.6012087174082,-33.273299712610516,-33.27329971261051,17.449904873226032,-0.6788901669057665,4.440892098500626e-16
0,27,modified_langevin,424.32790900479756,-33.273299712610516,-33.27329971261051,16.771014706320265,-0.6788901669057665,4.440892098500626e-16
0,28,standard_langevin,471.03465978248875,-33.96693888535503,-33.96693888535502,13.43345106508051,-0.6936391727445113,5.551115123125783e-16
0,28,modified_langevin,437.06772089713354,-33.96693888535503,-33.96693888535502,12.739811892335998,-0.6936391727445113,5.551115123125783e-16
0,29,standard_langevin,489.3685412944157,-34.580503152031824,-34.58050315203182,18.33388151192694,-0.6135642666767964,2.4424906541753444e-15
0,29,modified_langevin,454.7880381423837,-34.580503152031824,-34.58050315203182,17.720317245250143,-0.6135642666767964,2.4424906541753444e-15
0,30,standard_langevin,507.7730245899478,-35.10710745003279,-35.107107450032785,18.404483295532092,-0.5266042980009686,8.881784197001252e-16
0,30,modified_langevin,472.6659171399148,-35.10710745003279,-35.107107450032785,17.877878997531123,-0.5266042980009686,8.881784197001252e-16
0,31,standard_langevin,523.7871971419218,-34.920458663011416,-34.92045866301141,16.014172551973957,0.186648787021376,1.6653345369377348e-15
0,31,modified_langevin,488.8667384789102,-34.920458663011416,-34.92045866301141,16.200821338995333,0.186648787021376,1.6653345369377348e-15
0,32,standard_langevin,537.8807408155697,-35.41216545470936,-35.41216545470936,14.093543673647918,-0.4917067916979434,3.9968028886505635e-15
0,32,modified_langevin,502.46857536086014,-35.41216545470936,-35.41216545470936,13.601836881949975,-0.4917067916979434,3.9968028886505635e-15
0,33,standard_langevin,553.998216240044,-34.20589587946697,-34.20589587946698,16.117475424474346,1.2062695752423878,4.440892098500626e-15
0,33,modified_langevin,519.7923203605769,-34.20589587946697,-34.20589587946698,17.323744999716734,1.2062695752423878,4.440892098500626e-15
0,34,standard_langevin,569.1586557602895,-34.3271662355538,-34.327166235553804,15.1604395202455,-0.1212703560868249,6.661338147750939e-16
0,34,modified_langevin,534.8314895247356,-34.3271662355538,-34.327166235553804,15.039169164158675,-0.1212703560868249,6.661338147750939e-16
0,35,standard_langevin,583.5667370482595,-34.889434439929744,-34.88943443992975,14.408081287969932,-0.5622682043759468,1.7763568394002505e-15
0,35,modified_langevin,548.6773026083296,-34.889434439929744,-34.88943443992975,13.845813083593985,-0.5622682043759468,1.7763568394002505e-15
0,36,standard_langevin,598.1754636869836,-35.39972141094588,-35.39972141094588,14.608726638724113,-0.510286971016134,3.552713678800501e-15
0,36,modified_langevin,562.7757422760376,-35.39972141094588,-35.39972141094588,14.098439667707979,-0.510286971016134,3.552713678800501e-15
0,37,standard_langevin,611.6739734645182,-35.875273643649294,-35.875273643649294,13.498509777534625,-0.47555223270341074,1.5543122344752192e-15
0,37,modified_langevin,575.7986998208688,-35.875273643649294,-35.875273643649294,13.022957544831215,-0.47555223270341074,1.5543122344752192e-15
0,38,standard_langevin,629.8132539007726,-36.3324000443569,-36.3324000443569,18.13928043625434,-0.4571264007076117,7.771561172376096e-16
0,38,modified_langevin,593.4808538564156,-36.3324000443569,-36.3324000443569,17.682154035546727,-0.4571264007076117,7.771561172376096e-16
0,39,standard_langevin,646.4219664121133,-36.76605551509249,-36.76605551509248,16.60871251134079,-0.43365547073558375,1.8318679906315083e-15
0,39,modified_langevin,609.6559108970208,-36.76605551509249,-36.76605551509248,16.175057040605207,-0.43365547073558375,1.8318679906315083e-15
0,40,standard_langevin,664.3610329058315,-37.08351993027371,-37.083519930273695,17.93906649371822,-0.31746441518122026,7.66053886991358e-15
0,40,modified_langevin,627.2775129755578,-37.08351993027371,-37.083519930273695,17.621602078537,-0.31746441518122026,7.66053886991358e-15
0,41,standard_langevin,682.1280378299263,-37.36748892305461,-37.3674889230546,17.767004924094792,-0.28396899278089904,3.9968028886505635e-15
0,41,modified_langevin,644.7605489068717,-37.36748892305461,-37.3674889230546,17.483035931313893,-0.28396899278089904,3.9968028886505635e-15
0,42,standard_langevin,700.3190997601372,-37.625593421958115,-37.62559342195811,18.19106193021098,-0.25810449890350995,6.661338147750939e-16
0,42,modified_langevin,662.6935063381792,-37.625593421958115,-37.62559342195811,17.93295743130747,-0.25810449890350995,6.661338147750939e-16
0,43,standard_langevin,716.6059550073458,-37.002092712977245,-37.00209271297724,16.28685524720854,0.623500708980874,2.55351295663786e-15
0,43,modified_langevin,679.6038622943686,-37.002092712977245,-37.00209271297724,16.910355956189413,0.623500708980874,2.55351295663786e-15
0,44,standard_langevin,735.5619719434353,-37.294229366212434,-37.29422936621242,18.95601693608956,-0.2921366532351861,2.886579864025407e-15
0,44,modified_langevin,698.267742577223,-37.294229366212434,-37.29422936621242,18.663880282854375,-0.2921366532351861,2.886579864025407e-15
0,45,standard_langevin,753.4086401613539,-37.61179833808697,-37.611798338086956,17.84666821791857,-0.31756897187453603,9.43689570931383e-16
0,45,modified_langevin,715.796841823267,-37.61179833808697,-37.611798338086956,17.529099246044034,-0.31756897187453603,9.43689570931383e-16
0,46,standard_langevin,770.6058697174948,-37.91616934381568,-37.91616934381566,17.19722955614085,-0.30437100572871145,7.716050021144838e-15
0,46,modified_langevin,732.6897003736791,-37.91616934381568,-37.91616934381566,16.89285855041214,-0.30437100572871145,7.716050021144838e-15
0,47,standard_langevin,785.3558741481584,-38.11981482271433,-38.11981482271432,14.750004430663626,-0.20364547889865392,1.4988010832439613e-15
0,47,modified_langevin,747.2360593254441,-38.11981482271433,-38.11981482271432,14.546358951764972,-0.20364547889865392,1.4988010832439613e-15
0,48,standard_langevin,804.5151285309358,-38.35191784901802,-38.35191784901801,19.15925438277749,-0.23210302630368673,2.275957200481571e-15
0,48,modified_langevin,766.1632106819179,-38.35191784901802,-38.35191784901801,18.927151356473804,-0.23210302630368673,2.275957200481571e-15
0,49,standard_langevin,818.647597342099,-38.57913330774373,-38.579133307743724,14.132468811163106,-0.2272154587257127,1.4710455076283324e-15
0,49,modified_langevin,780.0684640343553,-38.57913330774373,-38.579133307743724,13.905253352437393,-0.2272154587257127,1.4710455076283324e-15
0,50,standard_langevin,837.3932632079036,-38.630875884624245,-38.630875884624245,18.745665865804686,-0.05174257688051753,2.3869795029440866e-15
0,50,modified_langevin,798.7623873232794,-38.630875884624245,-38.630875884624245,18.693923288924168,-0.05174257688051753,2.3869795029440866e-15
0,51,standard_langevin,855.2232112882233,-38.697940413314804,-38.697940413314804,17.82994808031968,-0.06706452869055823,2.8033131371785203e-15
0,51,modified_langevin,816.5252708749085,-38.697940413314804,-38.697940413314804,17.762883551629123,-0.06706452869055823,2.8033131371785203e-15
0,52,standard_langevin,873.6248905502041,-38.908435988306756,-38.90843598830675,18.40167926198075,-0.2104955749919526,5.412337245047638e-15
0,52,modified_langevin,834.7164545618973,-38.908435988306756,-38.90843598830675,18.191183686988797,-0.2104955749919526,5.412337245047638e-15
0,53,standard_langevin,890.5963597749409,-38.941410158586436,-38.941410158586436,16.971469224736758,-0.03297417027968308,2.248201624865942e-15
0,53,modified_langevin,851.6549496163544,-38.941410158586436,-38.941410158586436,16.938495054457075,-0.03297417027968308,2.248201624865942e-15
0,54,standard_langevin,907.4826615738742,-39.16880382457381,-39.16880382457381,16.88630179893331,-0.2273936659873712,4.440892098500626e-16
0,54,modified_langevin,868.3138577493004,-39.16880382457381,-39.16880382457381,16.65890813294594,-0.2273936659873712,4.440892098500626e-16
0,55,standard_langevin,917.5106138135176,-39.210114641266316,-39.210114641266316,10.027952239643316,-0.041310816692510244,2.220446049250313e-16
0,55,modified_langevin,878.3004991722512,-39.210114641266316,-39.210114641266316,9.986641422950806,-0.041310816692510244,2.220446049250313e-16
0,56,standard_langevin,932.8921567653258,-38.2958895832553,-38.2958895832553,15.38154295180818,0.9142250580110147,3.9968028886505635e-15
0,56,modified_langevin,894.5962671820704,-38.2958895832553,-38.2958895832553,16.295768009819195,0.9142250580110147,3.9968028886505635e-15
0,57,standard_langevin,948.7802132190881,-38.084835733360535,-38.084835733360535,15.888056453762314,0.2110538498947676,1.4432899320127035e-15
0,57,modified_langevin,910.6953774857275,-38.084835733360535,-38.084835733360535,16.09911030365708,0.2110538498947676,1.4432899320127035e-15
0,58,standard_langevin,965.9101297142194,-38.15890322515148,-38.15890322515148,17.12991649513125,-0.07406749179094518,1.0130785099704553e-15
0,58,modified_langevin,927.7512264890678,-38.15890322515148,-38.15890322515148,17.055849003340306,-0.07406749179094518,1.0130785099704553e-15
0,59,standard_langevin,980.8059374373538,-38.26736065263261,-38.26736065263262,14.895807723134505,-0.10845742748113629,2.275957200481571e-15
0,59,modified_langevin,942.5385767847212,-38.26736065263261,-38.26736065263262,14.787350295653368,-0.10845742748113629,2.275957200481571e-15
0,60,standard_langevin,999.183581034783,-38.4092749855675,-38.40927498556751,18.3776435974291,-0.14191433293488842,1.6930901125533637e-15
0,60,modified_langevin,960.7743060492154,-38.4092749855675,-38.40927498556751,18.23572926449421,-0.14191433293488842,1.6930901125533637e-15
0,61,standard_langevin,1017.3086523167308,-38.45852700493118,-38.45852700493119,18.125071281947818,-0.049252019363677846,5.4539706084710815e-15
0,61,modified_langevin,978.8501253117995,-38.45852700493118,-38.45852700493119,18.07581926258414,-0.049252019363677846,5.4539706084710815e-15
0,62,standard_langevin,1031.3710687481866,-38.41790506315662,-38.41790506315663,14.062416431455787,0.040621941774560355,4.718447854656915e-16
0,62,modified_langevin,992.9531636850298,-38.41790506315662,-38.41790506315663,14.103038373230348,0.040621941774560355,4.718447854656915e-16
0,63,standard_langevin,1046.9673118303049,-38.398636329045054,-38.398636329045075,15.596243082118127,0.01926873411156116,6.938893903907228e-15
0,63,modified_langevin,1008.5686755012596,-38.398636329045054,-38.398636329045075,15.615511816229688,0.01926873411156116,6.938893903907228e-15
0,64,standard_langevin,1064.8955982211128,-38.48196617116268,-38.4819661711627,17.928286390807983,-0.08332984211762451,5.9674487573602164e-15
0,64,modified_langevin,1026.41363204995,-38.48196617116268,-38.4819661711627,17.84495654869036,-0.08332984211762451,5.9674487573602164e-15
0,65,standard_langevin,1082.5821569350587,-38.55081269818055,-38.550812698180565,17.686558713945978,-0.06884652701786464,5.384581669432009e-15
0,65,modified_langevin,1044.031344236878,-38.55081269818055,-38.550812698180565,17.617712186928113,-0.06884652701786464,5.384581669432009e-15
0,66,standard_langevin,1097.3903779395102,-38.45121823004723,-38.451218230047246,14.808221004451582,0.09959446813332029,3.0531133177191805e-15
0,66,modified_langevin,1058.939159709463,-38.45121823004723,-38.451218230047246,14.907815472584902,0.09959446813332029,3.0531133177191805e-15
0,67,standard_langevin,1114.3545160965061,-38.39851224591531,-38.39851224591533,16.964138156995798,0.052705984131915073,1.6653345369377348e-15
0,67,modified_langevin,1075.9560038505906,-38.39851224591531,-38.39851224591533,17.016844141127713,0.052705984131915073,1.6653345369377348e-15
0,68,standard_langevin,1131.9000034155815,-38.34828110877007,-38.34828110877008,17.545487319075296,0.050231137145242855,2.1788126858268697e-15
0,68,modified_langevin,1093.5517223068111,-38.34828110877007,-38.34828110877008,17.59571845622054,0.050231137145242855,2.1788126858268697e-15
0,69,standard_langevin,1143.9310593804228,-38.2060005596712,-38.20600055967122,12.031055964841256,0.14228054909886545,3.3029134982598407e-15
0,69,modified_langevin,1105.7250588207512,-38.2060005596712,-38.20600055967122,12.173336513940122,0.14228054909886545,3.3029134982598407e-15
0,70,standard_langevin,1162.0268164455501,-38.24328121825499,-38.24328121825501,18.0957570651273,-0.03728065858378571,4.253541963095131e-15
0,70,modified_langevin,1123.7835352272948,-38.24328121825499,-38.24328121825501,18.058476406543516,-0.03728065858378571,4.253541963095131e-15
0,71,standard_langevin,1178.3620452438004,-38.31171616197628,-38.31171616197629,16.335228798250228,-0.06843494372128234,3.4416913763379853e-15
0,71,modified_langevin,1140.0503290818237,-38.31171616197628,-38.31171616197629,16.266793854528945,-0.06843494372128234,3.4416913763379853e-15
0,72,standard_langevin,1192.6371878556238,-38.1910316843276,-38.191031684327605,14.275142611823323,0.12068447764868218,3.2751579226442118e-15
0,72,modified_langevin,1154.4461561712958,-38.1910316843276,-38.191031684327605,14.395827089472006,0.12068447764868218,3.2751579226442118e-15
0,73,standard_langevin,1210.5741239391118,-38.20292021795677,-38.20292021795677,17.936936083488128,-0.011888533629175413,4.468647674116255e-15
0,73,modified_langevin,1172.3712037211546,-38.20292021795677,-38.20292021795677,17.925047549858952,-0.011888533629175413,4.468647674116255e-15
0,74,standard_langevin,1226.0808990436092,-38.26923992909195,-38.26923992909195,15.506775104497475,-0.06631971113518276,1.9290125052862095e-15
0,74,modified_langevin,1187.811659114517,-38.26923992909195,-38.26923992909195,15.440455393362292,-0.06631971113518276,1.9290125052862095e-15
0,75,standard_langevin,1244.1389026193565,-38.354830356888186,-38.354830356888186,18.05800357574722,-0.08559042779623383,1.4432899320127035e-15
0,75,modified_langevin,1205.7840722624678,-38.354830356888186,-38.354830356888186,17.972413147950988,-0.08559042779623383,1.4432899320127035e-15
0,76,standard_langevin,1258.7712573862227,-38.43595070203897,-38.43595070203897,14.632354766866303,-0.0811203451507847,4.0245584642661925e-16
0,76,modified_langevin,1220.3353066841833,-38.43595070203897,-38.43595070203897,14.551234421715519,-0.0811203451507847,4.0245584642661925e-16
0,77,standard_langevin,1276.1964720324852,-38.51160624051974,-38.51160624051974,17.425214646262507,-0.07565553848077045,1.304512053934559e-15
0,77,modified_langevin,1237.684865791965,-38.51160624051974,-38.51160624051974,17.349559107781737,-0.07565553848077045,1.304512053934559e-15
0,78,standard_langevin,1294.626361843709,-38.58497180814388,-38.58497180814387,18.42988981122389,-0.07336556762413338,2.942091015256665e-15
0,78,modified_langevin,1256.0413900355647,-38.58497180814388,-38.58497180814387,18.356524243599758,-0.07336556762413338,2.942091015256665e-15
0,79,standard_langevin,1311.1842509354242,-38.576364597710125,-38.57636459771011,16.55788909171531,0.008607210433755341,2.7478019859472624e-15
0,79,modified_langevin,1272.6078863377138,-38.576364597710125,-38.57636459771011,16.566496302149066,0.008607210433755341,2.7478019859472624e-15
0,80,standard_langevin,1329.999513141354,-38.62552271886166,-38.62552271886165,18.815262205929937,-0.049158121151538836,3.0531133177191805e-15
0,80,modified_langevin,1291.3739904224922,-38.62552271886166,-38.62552271886165,18.766104084778398,-0.049158121151538836,3.0531133177191805e-15
0,81,standard_langevin,1348.2283173838364,-38.714761143435524,-38.71476114343552,18.22880424248239,-0.08923842457386755,5.551115123125783e-16
0,81,modified_langevin,1309.5135562404007,-38.714761143435524,-38.71476114343552,18.139565817908522,-0.08923842457386755,5.551115123125783e-16
0,82,standard_langevin,1363.1669555502199,-38.809060113975725,-38.809060113975725,14.938638166383386,-0.09429897054020309,3.5388358909926865e-15
0,82,modified_langevin,1324.3578954362438,-38.809060113975725,-38.809060113975725,14.844339195843183,-0.09429897054020309,3.5388358909926865e-15
0,83,standard_langevin,1377.9798024946926,-38.71832038196152,-38.718320381961526,14.812846944472689,0.09073973201420671,3.6914915568786455e-15
0,83,modified_langevin,1339.2614821127306,-38.71832038196152,-38.718320381961526,14.903586676486896,0.09073973201420671,3.6914915568786455e-15
0,84,standard_langevin,1395.4710929911585,-38.78237627113136,-38.78237627113137,17.49129049646576,-0.06405588916984328,2.1649348980190553e-15
0,84,modified_langevin,1356.6887167200266,-38.78237627113136,-38.78237627113137,17.427234607295915,-0.06405588916984328,2.1649348980190553e-15
0,85,standard_langevin,1412.957294010887,-38.771097922843374,-38.77109792284339,17.48620101972855,0.011278348287987683,4.621303340002214e-15
0,85,modified_langevin,1374.186196088043,-38.771097922843374,-38.77109792284339,17.49747936801654,0.011278348287987683,4.621303340002214e-15
0,86,standard_langevin,1429.0044053736929,-38.77704972562176,-38.77704972562177,16.047111362805936,-0.005951802778383808,2.2551405187698492e-15
0,86,modified_langevin,1390.2273556480707,-38.77704972562176,-38.77704972562177,16.041159560027552,-0.005951802778383808,2.2551405187698492e-15
0,87,standard_langevin,1447.379413201986,-38.844236156671805,-38.84423615667182,18.375007828292993,-0.06718643105004674,1.4988010832439613e-15
0,87,modified_langevin,1408.5351770453135,-38.844236156671805,-38.84423615667182,18.307821397242947,-0.06718643105004674,1.4988010832439613e-15
0,88,standard_langevin,1465.656855886508,-38.87554482282246,-38.87554482282247,18.27744268452218,-0.03130866615065386,1.6792123247455493e-15
0,88,modified_langevin,1426.781311063685,-38.87554482282246,-38.87554482282247,18.246134018371524,-0.03130866615065386,1.6792123247455493e-15
0,89,standard_langevin,1484.4439489213014,-38.91303886593846,-38.91303886593847,18.787093034793205,-0.037494043115998466,8.604228440844963e-16
0,89,modified_langevin,1445.5309100553623,-38.91303886593846,-38.91303886593847,18.749598991677207,-0.037494043115998466,8.604228440844963e-16
0,90,standard_langevin,1497.2146928963011,-38.899811001864805,-38.899811001864805,12.77074397499981,0.013227864073657614,2.5673907444456745e-15
0,90,modified_langevin,1458.3148818944358,-38.899811001864805,-38.899811001864805,12.783971839073468,0.013227864073657614,2.5673907444456745e-15
0,91,standard_langevin,1513.7846867342175,-38.93938926245008,-38.93938926245008,16.569993837916336,-0.03957826058527303,2.2898349882893854e-15
0,91,modified_langevin,1474.8452974717668,-38.93938926245008,-38.93938926245008,16.530415577331063,-0.03957826058527303,2.2898349882893854e-15
0,92,standard_langevin,1529.840028221245,-38.86530360321365,-38.86530360321366,16.05534148702733,0.0740856592364274,8.576472865229334e-15
0,92,modified_langevin,1490.9747246180305,-38.86530360321365,-38.86530360321366,16.129427146263758,0.0740856592364274,8.576472865229334e-15
0,93,standard_langevin,1547.1775225520385,-38.89958796529709,-38.8995879652971,17.33749433079351,-0.0342843620834401,1.4641066137244252e-15
0,93,modified_langevin,1508.2779345867405,-38.89958796529709,-38.8995879652971,17.30320996871007,-0.0342843620834401,1.4641066137244252e-15
0,94,standard_langevin,1563.134218161463,-38.9392416326264,-38.93924163262641,15.956695609424575,-0.03965366732931308,3.427813588530171e-15
0,94,modified_langevin,1524.1949765288357,-38.9392416326264,-38.93924163262641,15.917041942095262,-0.03965366732931308,3.427813588530171e-15
0,95,standard_langevin,1579.511501850321,-38.956083730689244,-38.95608373068925,16.37728368885806,-0.01684209806284187,4.0870085094013575e-15
0,95,modified_langevin,1540.555418119631,-38.956083730689244,-38.95608373068925,16.36044159079522,-0.01684209806284187,4.0870085094013575e-15
0,96,standard_langevin,1597.2852385519036,-38.990932678635,-38.990932678635005,17.773736701582585,-0.034848947945754105,1.8041124150158794e-15
0,96,modified_langevin,1558.2943058732678,-38.990932678635,-38.990932678635005,17.73888775363683,-0.034848947945754105,1.8041124150158794e-15
0,97,standard_langevin,1615.738914263867,-39.03077929121056,-39.030779291210564,18.453675711963232,-0.03984661257555899,6.106226635438361e-16
0,97,modified_langevin,1576.7081349726554,-39.03077929121056,-39.030779291210564,18.413829099387673,-0.03984661257555899,6.106226635438361e-16
0,98,standard_langevin,1633.8703936604834,-39.09152287911364,-39.09152287911365,18.13147939661655,-0.06074358790307954,3.25434124093249e-15
0,98,modified_langevin,1594.7788707813688,-39.09152287911364,-39.09152287911365,18.070735808713472,-0.06074358790307954,3.25434124093249e-15
0,99,standard_langevin,1652.1212463702186,-39.03253164810815,-39.032531648108154,18.25085270973518,0.0589912310054892,1.6237011735142914e-15
0,99,modified_langevin,1613.0887147221094,-39.03253164810815,-39.032531648108154,18.30984394074067,0.0589912310054892,1.6237011735142914e-15
0,100,standard_langevin,1670.4172088624214,-39.057343647320266,-39.05734364732027,18.295962492202783,-0.024811999212118963,1.949829186997931e-15
0,100,modified_langevin,1631.3598652151002,-39.057343647320266,-39.05734364732027,18.271150492990664,-0.024811999212118963,1.949829186997931e-15
1,1,standard_langevin,17.373484545232355,-1.1238042609335643,-1.1238042609335634,17.373484545232355,-1.1238042609335643,8.881784197001252e-16
1,1,modified_langevin,16.24968028429879,-1.1238042609335643,-1.1238042609335634,16.24968028429879,-1.1238042609335643,8.881784197001252e-16
1,2,standard_langevin,33.90631197772405,-2.221794081826758,-2.221794081826756,16.532827432491697,-1.0979898208931935,6.661338147750939e-16
1,2,modified_langevin,31.684517895897294,-2.221794081826758,-2.221794081826756,15.434837611598503,-1.0979898208931935,6.661338147750939e-16
1,3,standard_langevin,50.94775054163665,-3.114575777430918,-3.114575777430919,17.041438563912596,-0.8927816956041603,2.886579864025407e-15
1,3,modified_langevin,47.83317476420573,-3.114575777430918,-3.114575777430919,16.148656868308436,-0.8927816956041603,2.886579864025407e-15
1,4,standard_langevin,66.39689581317693,-3.768967443502289,-3.768967443502284,15.449145271540276,-0.6543916660713709,5.773159728050814e-15
1,4,modified_langevin,62.627928369674635,-3.768967443502289,-3.768967443502284,14.794753605468905,-0.6543916660713709,5.773159728050814e-15
1,5,standard_langevin,83.32985810440266,-4.196287967410415,-4.19628796741041,16.932962291225728,-0.4273205239081257,4.440892098500626e-16
1,5,modified_langevin,79.13357013699223,-4.196287967410415,-4.19628796741041,16.505641767317602,-0.4273205239081257,4.440892098500626e-16
1,6,standard_langevin,99.77946100851491,-5.194866533053286,-5.194866533053279,16.449602904112247,-0.9985785656428714,2.4424906541753444e-15
1,6,modified_langevin,94.58459447546161,-5.194866533053286,-5.194866533053279,15.451024338469376,-0.9985785656428714,2.4424906541753444e-15
1,7,standard_langevin,117.61422301587552,-6.151026848568645,-6.151026848568636,17.834762007360602,-0.9561603155153584,2.220446049250313e-15
1,7,modified_langevin,111.46319616730686,-6.151026848568645,-6.151026848568636,16.878601691845244,-0.9561603155153584,2.220446049250313e-15
1,8,standard_langevin,134.84409218730872,-6.941557272204825,-6.941557272204819,17.229869171433208,-0.7905304236361808,2.7755575615628914e-15
1,8,modified_langevin,127.90253491510389,-6.941557272204825,-6.941557272204819,16.439338747797027,-0.7905304236361808,2.7755575615628914e-15
1,9,standard_langevin,148.29478518742133,-7.73011331345282,-7.73011331345281,13.450693000112604,-0.788556041247995,4.551914400963142e-15
1,9,modified_langevin,140.5646718739685,-7.73011331345282,-7.73011331345281,12.66213695886461,-0.788556041247995,4.551914400963142e-15
1,10,standard_langevin,164.5427848731572,-8.52777514411542,-8.527775144115417,16.247999685735856,-0.7976618306625998,6.5503158452884236e-15
1,10,modified_langevin,156.01500972904176,-8.52777514411542,-8.527775144115417,15.450337855073256,-0.7976618306625998,6.5503158452884236e-15
1,11,standard_langevin,180.36147706750063,-8.868237573227995,-8.868237573227988,15.818692194343447,-0.3404624291125753,3.497202527569243e-15
1,11,modified_langevin,171.49323949427264,-8.868237573227995,-8.868237573227988,15.478229765230871,-0.3404624291125753,3.497202527569243e-15
1,12,standard_langevin,197.92247970743657,-9.49328741639829,-9.493287416398285,17.56100263993593,-0.6250498431702951,1.2212453270876722e-15
1,12,modified_langevin,188.42919229103828,-9.49328741639829,-9.493287416398285,16.935952796765633,-0.6250498431702951,1.2212453270876722e-15
1,13,standard_langevin,216.07517467523405,-10.197151235033354,-10.19715123503335,18.152694967797494,-0.7038638186350639,1.4432899320127035e-15
1,13,modified_langevin,205.8780234402007,-10.197151235033354,-10.19715123503335,17.44883114916243,-0.7038638186350639,1.4432899320127035e-15
1,14,standard_langevin,227.2997118548033,-9.30608492415634,-9.306084924156337,11.224537179569236,0.8910663108770152,1.3322676295501878e-15
1,14,modified_langevin,217.99362693064697,-9.30608492415634,-9.306084924156337,12.11560349044625,0.8910663108770152,1.3322676295501878e-15
1,15,standard_langevin,243.58472391817844,-9.824874508227381,-9.824874508227374,16.28501206337515,-0.5187895840710421,5.218048215738236e-15
1,15,modified_langevin,233.75984940995107,-9.824874508227381,-9.824874508227374,15.766222479304107,-0.5187895840710421,5.218048215738236e-15
1,16,standard_langevin,258.3929833644699,-10.423601275221323,-10.42360127522131,14.808259446291473,-0.5987267669939413,4.6629367034256575e-15
1,16,modified_langevin,247.9693820892486,-10.423601275221323,-10.42360127522131,14.209532679297531,-0.5987267669939413,4.6629367034256575e-15
1,17,standard_langevin,275.5607224752323,-11.13486104639718,-11.134861046397166,17.167739110762408,-0.7112597711758575,2.1094237467877974e-15
1,17,modified_langevin,264.42586142883516,-11.13486104639718,-11.134861046397166,16.45647933958655,-0.7112597711758575,2.1094237467877974e-15
1,18,standard_langevin,291.0181018782718,-11.538209781947886,-11.538209781947875,15.457379403039512,-0.40334873555070594,3.2751579226442118e-15
1,18,modified_langevin,279.47989209632397,-11.538209781947886,-11.538209781947875,15.054030667488806,-0.40334873555070594,3.2751579226442118e-15
1,19,standard_langevin,303.7047181594746,-11.910847240914055,-11.910847240914041,12.686616281202838,-0.3726374589661692,3.164135620181696e-15
1,19,modified_langevin,291.79387091856063,-11.910847240914055,-11.910847240914041,12.313978822236669,-0.3726374589661692,3.164135620181696e-15
1,20,standard_langevin,318.4941141713065,-10.242705311234236,-10.24270531123422,14.789396011831869,1.6681419296798197,2.220446049250313e-15
1,20,modified_langevin,308.25140886007233,-10.242705311234236,-10.24270531123422,16.45753794151169,1.6681419296798197,2.220446049250313e-15
1,21,standard_langevin,334.36390813459974,-10.846130616894966,-10.84613061689495,15.869793963293242,-0.6034253056607302,8.881784197001252e-16
1,21,modified_langevin,323.51777751770487,-10.846130616894966,-10.84613061689495,15.266368657632512,-0.6034253056607302,8.881784197001252e-16
1,22,standard_langevin,351.0862153415721,-11.225253240500981,-11.22525324050096,16.72230720697234,-0.37912262360601545,4.6629367034256575e-15
1,22,modified_langevin,339.8609621010712,-11.225253240500981,-11.22525324050096,16.343184583366323,-0.37912262360601545,4.6629367034256575e-15
1,23,standard_langevin,366.6898658963382,-10.91078655009352,-10.910786550093498,15.603650554766105,0.31446669040746045,2.3314683517128287e-15
1,23,modified_langevin,355.77907934624477,-10.91078655009352,-10.910786550093498,15.918117245173566,0.31446669040746045,2.3314683517128287e-15
1,24,standard_langevin,382.28754422908355,-10.921345881004646,-10.921345881004624,15.597678332745375,-0.010559330911124931,2.220446049250313e-15
1,24,modified_langevin,371.366198348079,-10.921345881004646,-10.921345881004624,15.58711900183425,-0.010559330911124931,2.220446049250313e-15
1,25,standard_langevin,399.1972170591663,-10.778419365181099,-10.778419365181085,16.909672830082727,0.14292651582354665,7.771561172376096e-15
1,25,modified_langevin,388.4187976939853,-10.778419365181099,-10.778419365181085,17.052599345906273,0.14292651582354665,7.771561172376096e-15
1,26,standard_langevin,416.6410178829908,-11.087495976290827,-11.087495976290809,17.443800823824493,-0.3090766111097274,2.886579864025407e-15
1,26,modified_langevin,405.5535219067001,-11.087495976290827,-11.087495976290809,17.134724212714765,-0.3090766111097274,2.886579864025407e-15
1,27,standard_langevin,433.0790136659977,-11.420776444800731,-11.420776444800712,16.437995783006873,-0.3332804685099049,1.7208456881689926e-15
1,27,modified_langevin,421.65823722119706,-11.420776444800731,-11.420776444800712,16.104715314496968,-0.3332804685099049,1.7208456881689926e-15
1,28,standard_langevin,450.13002652403026,-11.387406430751478,-11.38740643075146,17.051012858032554,0.03337001404925388,1.4432899320127035e-15
1,28,modified_langevin,438.74262009327884,-11.387406430751478,-11.38740643075146,17.084382872081807,0.03337001404925388,1.4432899320127035e-15
1,29,standard_langevin,467.80059256030836,-11.675691671560338,-11.67569167156032,17.670566036278082,-0.288285240808861,3.885780586188048e-16
1,29,modified_langevin,456.1249008887481,-11.675691671560338,-11.67569167156032,17.38228079546922,-0.288285240808861,3.885780586188048e-16
1,30,standard_langevin,485.5056609195715,-11.857423008408707,-11.857423008408684,17.705068359263134,-0.18173133684836884,4.6629367034256575e-15
1,30,modified_langevin,473.6482379111628,-11.857423008408707,-11.857423008408684,17.523337022414765,-0.18173133684836884,4.6629367034256575e-15
1,31,standard_langevin,500.56452604821675,-11.967758074130051,-11.967758074130034,15.058865128645254,-0.110335065721344,5.551115123125783e-15
1,31,modified_langevin,488.59676797408673,-11.967758074130051,-11.967758074130034,14.94853006292391,-0.110335065721344,5.551115123125783e-15
1,32,standard_langevin,518.4595085319942,-12.254934317331733,-12.25493431733172,17.894982483777376,-0.28717624320168156,4.440892098500626e-15
1,32,modified_langevin,506.20457421466244,-12.254934317331733,-12.25493431733172,17.607806240575695,-0.28717624320168156,4.440892098500626e-15
1,33,standard_langevin,536.6191991564629,-12.27479167168949,-12.274791671689476,18.15969062446863,-0.019857354357757373,1.1102230246251565e-15
1,33,modified_langevin,524.3444074847733,-12.27479167168949,-12.274791671689476,18.139833270110874,-0.019857354357757373,1.1102230246251565e-15
1,34,standard_langevin,551.3726780520177,-10.354155830067521,-10.354155830067498,14.753478895554853,1.9206358416219693,8.881784197001252e-15
1,34,modified_langevin,541.0185222219502,-10.354155830067521,-10.354155830067498,16.674114737176822,1.9206358416219693,8.881784197001252e-15
1,35,standard_langevin,570.1817930557932,-10.576277431851606,-10.576277431851588,18.80911500377541,-0.22212160178408524,5.773159728050814e-15
1,35,modified_langevin,559.6055156239415,-10.576277431851606,-10.576277431851588,18.586993401991325,-0.22212160178408524,5.773159728050814e-15
1,36,standard_langevin,585.8953605532182,-10.663038216987687,-10.663038216987674,15.71356749742509,-0.08676078513608054,5.2735593669694936e-15
1,36,modified_langevin,575.2323223362305,-10.663038216987687,-10.663038216987674,15.62680671228901,-0.08676078513608054,5.2735593669694936e-15
1,37,standard_langevin,601.4538716738853,-10.250307274838164,-10.250307274838155,15.558511120667083,0.41273094214952266,3.219646771412954e-15
1,37,modified_langevin,591.2035643990471,-10.250307274838164,-10.250307274838155,15.971242062816605,0.41273094214952266,3.219646771412954e-15
1,38,standard_langevin,620.4542659338947,-10.636086369462138,-10.636086369462134,19.000394260009468,-0.38577909462397386,6.161737786669619e-15
1,38,modified_langevin,609.8181795644326,-10.636086369462138,-10.636086369462134,18.614615165385494,-0.38577909462397386,6.161737786669619e-15
1,39,standard_langevin,635.9958119288569,-10.975108447978092,-10.975108447978087,15.541545994962219,-0.33902207851595456,1.7208456881689926e-15
1,39,modified_langevin,625.0207034808789,-10.975108447978092,-10.975108447978087,15.202523916446264,-0.33902207851595456,1.7208456881689926e-15
1,40,standard_langevin,651.7977718540134,-11.159361135619159,-11.15936113561915,15.801959925156456,-0.18425268764106661,3.1363800445660672e-15
1,40,modified_langevin,640.6384107183942,-11.159361135619159,-11.15936113561915,15.61770723751539,-0.18425268764106661,3.1363800445660672e-15
1,41,standard_langevin,670.037259970753,-11.08151030433602,-11.081510304336016,18.239488116739654,0.07785083128313985,5.9396931817445875e-15
1,41,modified_langevin,658.955749666417,-11.08151030433602,-11.081510304336016,18.317338948022794,0.07785083128313985,5.9396931817445875e-15
1,42,standard_langevin,684.043638592067,-10.233278274865038,-10.233278274865036,14.00637862131411,0.8482320294709815,2.6645352591003757e-15
1,42,modified_langevin,673.810360317202,-10.233278274865038,-10.233278274865036,14.85461065078509,0.8482320294709815,2.6645352591003757e-15
1,43,standard_langevin,701.3440221765364,-10.572255583264683,-10.572255583264678,17.300383584469394,-0.33897730839964524,3.6637359812630166e-15
1,43,modified_langevin,690.7717665932718,-10.572255583264683,-10.572255583264678,16.96140627606975,-0.33897730839964524,3.6637359812630166e-15
1,44,standard_langevin,717.3329140398678,-10.671269824708737,-10.67126982470873,15.988891863331329,-0.09901424144405446,1.8318679906315083e-15
1,44,modified_langevin,706.6616442151591,-10.671269824708737,-10.67126982470873,15.889877621887274,-0.09901424144405446,1.8318679906315083e-15
1,45,standard_langevin,734.8258571508686,-10.712020096545736,-10.71202009654573,17.492943111000887,-0.04075027183699831,1.4988010832439613e-15
1,45,modified_langevin,724.113837054323,-10.712020096545736,-10.71202009654573,17.45219283916389,-0.04075027183699831,1.4988010832439613e-15
1,46,standard_langevin,752.5202216352134,-10.921848904462593,-10.921848904462589,17.694364484344785,-0.20982880791685687,1.2490009027033011e-15
1,46,modified_langevin,741.598372730751,-10.921848904462593,-10.921848904462589,17.484535676427928,-0.20982880791685687,1.2490009027033011e-15
1,47,standard_langevin,766.3344098012993,-9.753094798927158,-9.753094798927153,13.814188166085916,1.1687541055354345,1.3322676295501878e-15
1,47,modified_langevin,756.5813150023723,-9.753094798927158,-9.753094798927153,14.98294227162135,1.1687541055354345,1.3322676295501878e-15
1,48,standard_langevin,784.9773129143259,-10.036300444337392,-10.036300444337384,18.642903113026644,-0.2832056454102343,3.2751579226442118e-15
1,48,modified_langevin,774.9410124699888,-10.036300444337392,-10.036300444337384,18.35969746761641,-0.2832056454102343,3.2751579226442118e-15
1,49,standard_langevin,801.9950949664317,-10.182332480188652,-10.182332480188649,17.01778205210574,-0.14603203585125968,5.689893001203927e-15
1,49,modified_langevin,791.8127624862433,-10.182332480188652,-10.182332480188649,16.87175001625448,-0.14603203585125968,5.689893001203927e-15
1,50,standard_langevin,819.9128193806093,-10.231089480641362,-10.23108948064136,17.9177244141777,-0.04875700045271003,1.27675647831893e-15
1,50,modified_langevin,809.6817298999683,-10.231089480641362,-10.23108948064136,17.86896741372499,-0.04875700045271003,1.27675647831893e-15
1,51,standard_langevin,835.2919052975437,-10.515994677703379,-10.515994677703379,15.37908591693439,-0.28490519706201667,2.1094237467877974e-15
1,51,modified_langevin,824.7759106198407,-10.515994677703379,-10.515994677703379,15.094180719872373,-0.28490519706201667,2.1094237467877974e-15
1,52,standard_langevin,850.3528460818379,-10.81302213082064,-10.81302213082064,15.060940784294232,-0.297027453117261,0.0
1,52,modified_langevin,839.5398239510176,-10.81302213082064,-10.81302213082064,14.76391333117697,-0.297027453117261,0.0
1,53,standard_langevin,866.8329595381305,-10.898355170054577,-10.89835517005458,16.480113456292578,-0.08533303923393731,2.6922908347160046e-15
1,53,modified_langevin,855.9346043680763,-10.898355170054577,-10.89835517005458,16.39478041705864,-0.08533303923393731,2.6922908347160046e-15
1,54,standard_langevin,881.7829995199236,-11.110643934124576,-11.110643934124578,14.950039981793122,-0.2122887640699993,1.3877787807814457e-15
1,54,modified_langevin,870.6723555857994,-11.110643934124576,-11.110643934124578,14.737751217723122,-0.2122887640699993,1.3877787807814457e-15
1,55,standard_langevin,896.7265320776975,-11.066662392228757,-11.066662392228759,14.943532557773858,0.043981541895819376,4.996003610813204e-16
1,55,modified_langevin,885.6598696854691,-11.066662392228757,-11.066662392228759,14.987514099669678,0.043981541895819376,4.996003610813204e-16
1,56,standard_langevin,914.4279166429172,-11.01206999771075,-11.01206999771075,17.701384565219787,0.054592394518007126,9.43689570931383e-16
1,56,modified_langevin,903.4158466452069,-11.01206999771075,-11.01206999771075,17.755976959737794,0.054592394518007126,9.43689570931383e-16
1,57,standard_langevin,933.2713227031488,-11.237272733017711,-11.237272733017711,18.8434060602316,-0.22520273530696144,0.0
1,57,modified_langevin,922.0340499701315,-11.237272733017711,-11.237272733017711,18.61820332492464,-0.22520273530696144,0.0
1,58,standard_langevin,951.8708031906779,-11.185630363253633,-11.185630363253631,18.59948048752902,0.05164236976407821,1.6653345369377348e-15
1,58,modified_langevin,940.6851728274246,-11.185630363253633,-11.185630363253631,18.6511228572931,0.05164236976407821,1.6653345369377348e-15
1,59,standard_langevin,970.6222906389523,-11.45421887799841,-11.454218877998409,18.751487448274453,-0.26858851474477774,4.440892098500626e-16
1,59,modified_langevin,959.1680717609543,-11.45421887799841,-11.454218877998409,18.482898933529675,-0.26858851474477774,4.440892098500626e-16
1,60,standard_langevin,987.6022374935116,-11.599097515996476,-11.599097515996487,16.979946854559234,-0.14487863799806533,1.226796442210798e-14
1,60,modified_langevin,976.0031399775154,-11.599097515996476,-11.599097515996487,16.83506821656117,-0.14487863799806533,1.226796442210798e-14
1,61,standard_langevin,1006.2348949721932,-11.885593718819685,-11.885593718819695,18.63265747868161,-0.28649620282320853,8.881784197001252e-16
1,61,modified_langevin,994.3493012533738,-11.885593718819685,-11.885593718819695,18.346161275858403,-0.28649620282320853,8.881784197001252e-16
1,62,standard_langevin,1019.1992352142832,-11.155991227761772,-11.155991227761785,12.964340242090065,0.7296024910579124,2.6645352591003757e-15
1,62,modified_langevin,1008.0432439865218,-11.155991227761772,-11.155991227761785,13.693942733147978,0.7296024910579124,2.6645352591003757e-15
1,63,standard_langevin,1037.2912122083892,-11.209931624336315,-11.209931624336328,18.091976994106037,-0.05394039657454286,0.0
1,63,modified_langevin,1026.0812805840533,-11.209931624336315,-11.209931624336328,18.038036597531494,-0.05394039657454286,0.0
1,64,standard_langevin,1054.088116699693,-11.485994457280233,-11.485994457280247,16.79690449130378,-0.27606283294391787,1.1657341758564144e-15
1,64,modified_langevin,1042.602122242413,-11.485994457280233,-11.485994457280247,16.520841658359863,-0.27606283294391787,1.1657341758564144e-15
1,65,standard_langevin,1072.3248939337725,-11.696676810349663,-11.696676810349684,18.236777234079444,-0.21068235306942995,6.6058269965196814e-15
1,65,modified_langevin,1060.6282171234232,-11.696676810349663,-11.696676810349684,18.026094881010014,-0.21068235306942995,6.6058269965196814e-15
1,66,standard_langevin,1089.2656158351297,-11.504185127020362,-11.504185127020385,16.940721901357207,0.1924916833293011,1.7763568394002505e-15
1,66,modified_langevin,1077.7614307081096,-11.504185127020362,-11.504185127020385,17.13321358468651,0.1924916833293011,1.7763568394002505e-15
1,67,standard_langevin,1105.038306036937,-11.774802756739078,-11.7748027567391,15.772690201807347,-0.27061762971871595,1.9984014443252818e-15
1,67,modified_langevin,1093.2635032801982,-11.774802756739078,-11.7748027567391,15.50207257208863,-0.27061762971871595,1.9984014443252818e-15
1,68,standard_langevin,1122.7332902811881,-11.673779489822536,-11.673779489822554,17.69498424425116,0.10102326691654184,2.7200464103316335e-15
1,68,modified_langevin,1111.059510791366,-11.673779489822536,-11.673779489822554,17.7960075111677,0.10102326691654184,2.7200464103316335e-15
1,69,standard_langevin,1140.9240182796775,-11.93693925796499,-11.936939257965003,18.190727998489272,-0.26315976814245445,5.717648576819556e-15
1,69,modified_langevin,1128.9870790217128,-11.93693925796499,-11.936939257965003,17.927568230346818,-0.26315976814245445,5.717648576819556e-15
1,70,standard_langevin,1156.511058859193,-12.189985018750235,-12.189985018750244,15.587040579515628,-0.25304576078524477,3.6637359812630166e-15
1,70,modified_langevin,1144.3210738404432,-12.189985018750235,-12.189985018750244,15.333994818730384,-0.25304576078524477,3.6637359812630166e-15
1,71,standard_langevin,1174.3676094285381,-12.128619067791316,-12.12861906779132,17.856550569345107,0.06136595095891906,5.495603971894525e-15
1,71,modified_langevin,1162.2389903607473,-12.128619067791316,-12.12861906779132,17.917916520304026,0.06136595095891906,5.495603971894525e-15
1,72,standard_langevin,1189.8399735432229,-11.638322527733166,-11.638322527733171,15.472364114684684,0.49029654005815004,1.5543122344752192e-15
1,72,modified_langevin,1178.2016510154901,-11.638322527733166,-11.638322527733171,15.962660654742834,0.49029654005815004,1.5543122344752192e-15
1,73,standard_langevin,1207.287360648457,-11.767728923240242,-11.767728923240243,17.447387105234057,-0.12940639550707544,3.58046925441613e-15
1,73,modified_langevin,1195.519631725217,-11.767728923240242,-11.767728923240243,17.31798070972698,-0.12940639550707544,3.58046925441613e-15
1,74,standard_langevin,1225.523623293762,-11.813165433260991,-11.813165433260988,18.236262645305114,-0.045436510020749665,5.329070518200751e-15
1,74,modified_langevin,1213.7104578605015,-11.813165433260991,-11.813165433260988,18.190826135284365,-0.045436510020749665,5.329070518200751e-15
1,75,standard_langevin,1243.433929957657,-11.934218119028436,-11.934218119028426,17.91030666389497,-0.12105268576744521,7.799316747991725e-15
1,75,modified_langevin,1231.499711838629,-11.934218119028436,-11.934218119028426,17.789253978127526,-0.12105268576744521,7.799316747991725e-15
1,76,standard_langevin,1260.7371329258417,-12.112384021402036,-12.112384021402022,17.303202968184635,-0.17816590237359975,2.914335439641036e-15
1,76,modified_langevin,1248.6247489044401,-12.112384021402036,-12.112384021402022,17.125037065811036,-0.17816590237359975,2.914335439641036e-15
1,77,standard_langevin,1278.9803681585583,-12.311637790417468,-12.311637790417459,18.24323523271667,-0.19925376901543146,4.6351811278100286e-15
1,77,modified_langevin,1266.6687303681413,-12.311637790417468,-12.311637790417459,18.04398146370124,-0.19925376901543146,4.6351811278100286e-15
1,78,standard_langevin,1296.3049633602868,-12.521361465749184,-12.521361465749175,17.32459520172838,-0.2097236753317162,3.885780586188048e-16
1,78,modified_langevin,1283.783601894538,-12.521361465749184,-12.521361465749175,17.114871526396662,-0.2097236753317162,3.885780586188048e-16
1,79,standard_langevin,1314.0011647774281,-12.707423902047122,-12.707423902047116,17.696201417141417,-0.18606243629793795,4.246603069191224e-15
1,79,modified_langevin,1301.2937408753814,-12.707423902047122,-12.707423902047116,17.51013898084348,-0.18606243629793795,4.246603069191224e-15
1,80,standard_langevin,1331.9968906969677,-12.899221461050256,-12.899221461050248,17.99572591953955,-0.19179755900313467,3.885780586188048e-15
1,80,modified_langevin,1319.097669235918,-12.899221461050256,-12.899221461050248,17.803928360536414,-0.19179755900313467,3.885780586188048e-15
1,81,standard_langevin,1349.1070829537398,-12.948741165935527,-12.948741165935516,17.110192256771946,-0.049519704885270244,1.1379786002407855e-15
1,81,modified_langevin,1336.1583417878046,-12.948741165935527,-12.948741165935516,17.060672551886675,-0.049519704885270244,1.1379786002407855e-15
1,82,standard_langevin,1367.2359761778284,-13.14700959493591,-13.147009594935897,18.128893224088575,-0.19826842900038244,2.4424906541753444e-15
1,82,modified_langevin,1354.0889665828927,-13.14700959493591,-13.147009594935897,17.930624795088193,-0.19826842900038244,2.4424906541753444e-15
1,83,standard_langevin,1380.4866634348523,-12.837069613016393,-12.837069613016382,13.250687257023767,0.3099399819195163,1.7763568394002505e-15
1,83,modified_langevin,1367.6495938218359,-12.837069613016393,-12.837069613016382,13.560627238943283,0.3099399819195163,1.7763568394002505e-15
1,84,standard_langevin,1393.8952084802938,-12.482820441410077,-12.482820441410066,13.408545045441523,0.3542491716063161,6.661338147750939e-16
1,84,modified_langevin,1381.4123880388838,-12.482820441410077,-12.482820441410066,13.762794217047839,0.3542491716063161,6.661338147750939e-16
1,85,standard_langevin,1408.8221190669283,-12.527242744591627,-12.527242744591618,14.926910586634502,-0.04442230318155005,1.3322676295501878e-15
1,85,modified_langevin,1396.2948763223367,-12.527242744591627,-12.527242744591618,14.882488283452952,-0.04442230318155005,1.3322676295501878e-15
1,86,standard_langevin,1425.8168054431128,-12.374653262451398,-12.374653262451387,16.994686376184543,0.15258948214022894,1.1657341758564144e-15
1,86,modified_langevin,1413.4421521806614,-12.374653262451398,-12.374653262451387,17.14727585832477,0.15258948214022894,1.1657341758564144e-15
1,87,standard_langevin,1443.3260372542786,-12.222132541866435,-12.222132541866422,17.50923181116573,0.15252072058496324,1.2212453270876722e-15
1,87,modified_langevin,1431.103904712412,-12.222132541866435,-12.222132541866422,17.661752531750693,0.15252072058496324,1.2212453270876722e-15
1,88,standard_langevin,1458.0203138739134,-11.732504805192791,-11.732504805192772,14.694276619634866,0.48962773667364345,6.5503158452884236e-15
1,88,modified_langevin,1446.2878090687204,-11.732504805192791,-11.732504805192772,15.18390435630851,0.48962773667364345,6.5503158452884236e-15
1,89,standard_langevin,1472.6733687536575,-11.908501584941764,-11.908501584941744,14.65305487974417,-0.17599677974897254,5.273559366969494e-16
1,89,modified_langevin,1460.7648671687157,-11.908501584941764,-11.908501584941744,14.477058099995197,-0.17599677974897254,5.273559366969494e-16
1,90,standard_langevin,1487.7125121352983,-12.108941706168462,-12.10894170616844,15.039143381640805,-0.2004401212266984,1.582067810090848e-15
1,90,modified_langevin,1475.6035704291298,-12.108941706168462,-12.10894170616844,14.838703260414107,-0.2004401212266984,1.582067810090848e-15
1,91,standard_langevin,1497.3993401313132,-11.13098223010301,-11.130982230102983,9.686827996014841,0.9779594760654522,4.884981308350689e-15
1,91,modified_langevin,1486.26835790121,-11.13098223010301,-11.130982230102983,10.664787472080294,0.9779594760654522,4.884981308350689e-15
1,92,standard_langevin,1512.7410554192836,-11.1763350417551,-11.176335041755074,15.341715287970331,-0.04535281165209071,6.38378239159465e-16
1,92,modified_langevin,1501.5647203775284,-11.1763350417551,-11.176335041755074,15.29636247631824,-0.04535281165209071,6.38378239159465e-16
1,93,standard_langevin,1530.9266802656873,-11.327856156315628,-11.3278561563156,18.185624846403726,-0.15152111456052708,1.7486012637846216e-15
1,93,modified_langevin,1519.5988241093717,-11.327856156315628,-11.3278561563156,18.0341037318432,-0.15152111456052708,1.7486012637846216e-15
1,94,standard_langevin,1547.7175707193028,-11.497453116583669,-11.497453116583642,16.790890453615468,-0.16959696026804139,9.992007221626409e-16
1,94,modified_langevin,1536.220117602719,-11.497453116583669,-11.497453116583642,16.621293493347427,-0.16959696026804139,9.992007221626409e-16
1,95,standard_langevin,1565.4844332634145,-11.434540467840398,-11.434540467840373,17.766862544111714,0.0629126487432714,1.3877787807814457e-15
1,95,modified_langevin,1554.0498927955741,-11.434540467840398,-11.434540467840373,17.829775192854985,0.0629126487432714,1.3877787807814457e-15
1,96,standard_langevin,1582.141512720158,-11.14873728952807,-11.148737289528041,16.657079456743485,0.28580317831232804,3.4416913763379853e-15
1,96,modified_langevin,1570.99277543063,-11.14873728952807,-11.148737289528041,16.942882635055813,0.28580317831232804,3.4416913763379853e-15
1,97,standard_langevin,1598.7438900497027,-11.30650288446339,-11.306502884463361,16.60237732954463,-0.15776559493532005,8.326672684688674e-17
1,97,modified_langevin,1587.4373871652392,-11.30650288446339,-11.306502884463361,16.44461173460931,-0.15776559493532005,8.326672684688674e-17
1,98,standard_langevin,1614.3075417833572,-11.266244096770384,-11.26624409677035,15.563651733654531,0.040258787693005615,4.9682480351975755e-15
1,98,modified_langevin,1603.0412976865869,-11.266244096770384,-11.26624409677035,15.603910521347537,0.040258787693005615,4.9682480351975755e-15
1,99,standard_langevin,1632.3456701948378,-11.37384815142965,-11.373848151429618,18.03812841148051,-0.10760405465926581,1.609823385706477e-15
1,99,modified_langevin,1620.971822043408,-11.37384815142965,-11.373848151429618,17.930524356821245,-0.10760405465926581,1.609823385706477e-15
1,100,standard_langevin,1645.6709894544595,-11.49211793906378,-11.492117939063752,13.325319259621729,-0.1182697876341301,3.0808688933348094e-15
1,100,modified_langevin,1634.1788715153957,-11.49211793906378,-11.492117939063752,13.207049471987599,-0.1182697876341301,3.0808688933348094e-15
