batch_loss,full_train_loss,global_step,oscillation_fraction,phase,phase_step
2.322089672088623,2.285275936126709,1,,pretrain GD,1
2.285275936126709,2.250816822052002,2,0.03317916765809059,pretrain GD,2
2.250816822052002,2.217486619949341,3,0.04805952310562134,pretrain GD,3
2.217486619949341,2.184396743774414,4,0.030766136944293976,pretrain GD,4
2.184396743774414,2.1508755683898926,5,0.04906494915485382,pretrain GD,5
2.1508755683898926,2.1164145469665527,6,0.026744419708848,pretrain GD,6
2.1164145469665527,2.0806431770324707,7,0.03830685839056969,pretrain GD,7
2.0806431770324707,2.043325901031494,8,0.018097728490829468,pretrain GD,8
2.043325901031494,2.004361629486084,9,0.009853207506239414,pretrain GD,9
2.004361629486084,1.9637795686721802,10,0.015383068472146988,pretrain GD,10
1.9637795686721802,1.9217240810394287,11,0.026442790403962135,pretrain GD,11
1.9217240810394287,1.8784189224243164,12,0.008043434470891953,pretrain GD,12
1.8784189224243164,1.834118366241455,13,0.00794289167970419,pretrain GD,13
1.834118366241455,1.7890602350234985,14,0.007842348888516426,pretrain GD,14
1.7890602350234985,1.7434407472610474,15,0.00874723494052887,pretrain GD,15
1.7434407472610474,1.697415828704834,16,0.007138547953218222,pretrain GD,16
1.697415828704834,1.6511220932006836,17,0.017896641045808792,pretrain GD,17
1.6511220932006836,1.6047019958496094,18,0.00844560656696558,pretrain GD,18
1.6047019958496094,1.5583194494247437,19,0.012768952175974846,pretrain GD,19
1.5583194494247437,1.5121674537658691,20,0.005328775383532047,pretrain GD,20
1.5121674537658691,1.466467261314392,21,0.005831490270793438,pretrain GD,21
1.466467261314392,1.4214571714401245,22,0.005328775383532047,pretrain GD,22
1.4214571714401245,1.3773798942565918,23,0.0067363763228058815,pretrain GD,23
1.3773798942565918,1.3344650268554688,24,0.004524432122707367,pretrain GD,24
1.3344650268554688,1.29291570186615,25,0.009652120992541313,pretrain GD,25
1.29291570186615,1.2528965473175049,26,0.004725517705082893,pretrain GD,26
1.2528965473175049,1.2145291566848755,27,0.004926603753119707,pretrain GD,27
1.2145291566848755,1.177890658378601,28,0.005831490270793438,pretrain GD,28
1.177890658378601,1.1430178880691528,29,0.008847777731716633,pretrain GD,29
1.1430178880691528,1.1099129915237427,30,0.006836919579654932,pretrain GD,30
1.1099129915237427,1.0785499811172485,31,0.00502714654430747,pretrain GD,31
1.0785499811172485,1.0488815307617188,32,0.0041222600266337395,pretrain GD,32
1.0488815307617188,1.0208449363708496,33,0.004021717235445976,pretrain GD,33
1.0208449363708496,0.9943674206733704,34,0.0035190025810152292,pretrain GD,34
0.9943674206733704,0.9693698883056641,35,0.005529861431568861,pretrain GD,35
0.9693698883056641,0.9457703232765198,36,0.003820631420239806,pretrain GD,36
0.9457703232765198,0.9234858751296997,37,0.004323346074670553,pretrain GD,37
0.9234858751296997,0.9024350643157959,38,0.0035190025810152292,pretrain GD,38
0.9024350643157959,0.882538914680481,39,0.004021717235445976,pretrain GD,39
0.882538914680481,0.8637216091156006,40,0.003116830950602889,pretrain GD,40
0.8637216091156006,0.8459112644195557,41,0.003016287926584482,pretrain GD,41
0.8459112644195557,0.829039990901947,42,0.0032173737417906523,pretrain GD,42
0.829039990901947,0.8130444288253784,43,0.00462497491389513,pretrain GD,43
0.8130444288253784,0.7978652715682983,44,0.002614116296172142,pretrain GD,44
0.7978652715682983,0.783447265625,45,0.002915745135396719,pretrain GD,45
0.783447265625,0.7697392106056213,46,0.002614116296172142,pretrain GD,46
0.7697392106056213,0.7566938996315002,47,0.003016287926584482,pretrain GD,47
0.7566938996315002,0.7442672252655029,48,0.002614116296172142,pretrain GD,48
0.7442672252655029,0.7324188351631165,49,0.002815202111378312,pretrain GD,49
0.7324188351631165,0.7211111187934875,50,0.0027146590873599052,pretrain GD,50
0.7211111187934875,0.710309624671936,51,0.001910315710119903,pretrain GD,51
0.710309624671936,0.6999824643135071,52,0.001910315710119903,pretrain GD,52
0.6999824643135071,0.6901000142097473,53,0.001508143963292241,pretrain GD,53
0.6901000142097473,0.6806352138519287,54,0.002614116296172142,pretrain GD,54
0.6806352138519287,0.6715627312660217,55,0.002010858617722988,pretrain GD,55
0.6715627312660217,0.6628594994544983,56,0.0027146590873599052,pretrain GD,56
0.6628594994544983,0.6545037627220154,57,0.002815202111378312,pretrain GD,57
0.6545037627220154,0.6464756727218628,58,0.003418459789827466,pretrain GD,58
0.6464756727218628,0.6387568116188049,59,0.002111401641741395,pretrain GD,59
0.6387568116188049,0.6313298940658569,60,0.0024130302481353283,pretrain GD,60
0.6313298940658569,0.6241791248321533,61,0.003016287926584482,pretrain GD,61
0.6241791248321533,0.617289662361145,62,0.001910315710119903,pretrain GD,62
0.617289662361145,0.6106476783752441,63,0.0024130302481353283,pretrain GD,63
0.6106476783752441,0.604240357875824,64,0.002614116296172142,pretrain GD,64
0.604240357875824,0.598055899143219,65,0.0027146590873599052,pretrain GD,65
0.598055899143219,0.5920829176902771,66,0.002211944432929158,pretrain GD,66
0.5920829176902771,0.5863111019134521,67,0.002614116296172142,pretrain GD,67
0.5863111019134521,0.5807307362556458,68,0.002815202111378312,pretrain GD,68
0.5807307362556458,0.5753325819969177,69,0.0024130302481353283,pretrain GD,69
0.5753325819969177,0.5701081156730652,70,0.001910315710119903,pretrain GD,70
0.5701081156730652,0.565049409866333,71,0.002915745135396719,pretrain GD,71
0.565049409866333,0.5601487159729004,72,0.001910315710119903,pretrain GD,72
0.5601487159729004,0.5553990006446838,73,0.001709229894913733,pretrain GD,73
0.5553990006446838,0.5507935881614685,74,0.002211944432929158,pretrain GD,74
0.5507935881614685,0.5463261604309082,75,0.002010858617722988,pretrain GD,75
0.5463261604309082,0.5419908761978149,76,0.002010858617722988,pretrain GD,76
0.5419908761978149,0.5377819538116455,77,0.001910315710119903,pretrain GD,77
0.5377819538116455,0.5336942076683044,78,0.002211944432929158,pretrain GD,78
0.5336942076683044,0.5297225713729858,79,0.002010858617722988,pretrain GD,79
0.5297225713729858,0.5258622765541077,80,0.002111401641741395,pretrain GD,80
0.5258622765541077,0.522108793258667,81,0.004423888865858316,pretrain GD,81
0.522108793258667,0.5184578895568848,82,0.0016086868708953261,pretrain GD,82
0.5184578895568848,0.514905571937561,83,0.002312487456947565,pretrain GD,83
0.514905571937561,0.5114478468894958,84,0.002312487456947565,pretrain GD,84
0.5114478468894958,0.5080811381340027,85,0.001307058148086071,pretrain GD,85
0.5080811381340027,0.5048019289970398,86,0.002312487456947565,pretrain GD,86
0.5048019289970398,0.5016070008277893,87,0.001709229894913733,pretrain GD,87
0.5016070008277893,0.4984930753707886,88,0.002614116296172142,pretrain GD,88
0.4984930753707886,0.4954572319984436,89,0.001307058148086071,pretrain GD,89
0.4954572319984436,0.492496520280838,90,0.006836919579654932,pretrain GD,90
0.492496520280838,0.4896082580089569,91,0.003418459789827466,pretrain GD,91
0.4896082580089569,0.4867898225784302,92,0.002211944432929158,pretrain GD,92
0.4867898225784302,0.48403871059417725,93,0.002513573272153735,pretrain GD,93
0.48403871059417725,0.48135262727737427,94,0.001709229894913733,pretrain GD,94
0.48135262727737427,0.47872909903526306,95,0.002513573272153735,pretrain GD,95
0.47872909903526306,0.47616612911224365,96,0.002010858617722988,pretrain GD,96
0.47616612911224365,0.4736615717411041,97,0.002312487456947565,pretrain GD,97
0.4736615717411041,0.4712134301662445,98,0.004725517705082893,pretrain GD,98
0.4712134301662445,0.4688197374343872,99,0.003016287926584482,pretrain GD,99
0.4688197374343872,0.46647879481315613,100,0.002010858617722988,pretrain GD,100
0.46647879481315613,0.464188814163208,101,0.0012065151240676641,pretrain GD,101
0.464188814163208,0.4619480073451996,102,0.002312487456947565,pretrain GD,102
0.4619480073451996,0.45975494384765625,103,0.004423888865858316,pretrain GD,103
0.45975494384765625,0.45760786533355713,104,0.002312487456947565,pretrain GD,104
0.45760786533355713,0.45550549030303955,105,0.002513573272153735,pretrain GD,105
0.45550549030303955,0.45344626903533936,106,0.0016086868708953261,pretrain GD,106
0.45344626903533936,0.4514288306236267,107,0.0024130302481353283,pretrain GD,107
0.4514288306236267,0.4494519829750061,108,0.0012065151240676641,pretrain GD,108
0.4494519829750061,0.4475143551826477,109,0.001407601055689156,pretrain GD,109
0.4475143551826477,0.4456147253513336,110,0.001005429308861494,pretrain GD,110
0.4456147253513336,0.4437520503997803,111,0.002312487456947565,pretrain GD,111
0.4437520503997803,0.4419250786304474,112,0.001105972216464579,pretrain GD,112
0.4419250786304474,0.44013285636901855,113,0.001508143963292241,pretrain GD,113
0.44013285636901855,0.43837428092956543,114,0.0024130302481353283,pretrain GD,114
0.43837428092956543,0.43664833903312683,115,0.0012065151240676641,pretrain GD,115
0.43664833903312683,0.43495407700538635,116,0.0016086868708953261,pretrain GD,116
0.43495407700538635,0.43329063057899475,117,0.001307058148086071,pretrain GD,117
0.43329063057899475,0.43165701627731323,118,0.001508143963292241,pretrain GD,118
0.43165701627731323,0.4300524890422821,119,0.002111401641741395,pretrain GD,119
0.4300524890422821,0.42847615480422974,120,0.001910315710119903,pretrain GD,120
0.42847615480422974,0.4269271790981293,121,0.001307058148086071,pretrain GD,121
0.4269271790981293,0.4254049062728882,122,0.0016086868708953261,pretrain GD,122
0.4254049062728882,0.4239085018634796,123,0.0012065151240676641,pretrain GD,123
0.4239085018634796,0.42243728041648865,124,0.001005429308861494,pretrain GD,124
0.42243728041648865,0.420990526676178,125,0.001910315710119903,pretrain GD,125
0.420990526676178,0.41956764459609985,126,0.0016086868708953261,pretrain GD,126
0.41956764459609985,0.41816797852516174,127,0.0016086868708953261,pretrain GD,127
0.41816797852516174,0.41679084300994873,128,0.001709229894913733,pretrain GD,128
0.41679084300994873,0.415435791015625,129,0.001307058148086071,pretrain GD,129
0.415435791015625,0.4141020178794861,130,0.003921174444258213,pretrain GD,130
0.4141020178794861,0.41278916597366333,131,0.0016086868708953261,pretrain GD,131
0.41278916597366333,0.4114965498447418,132,0.00422280328348279,pretrain GD,132
0.4114965498447418,0.4102237820625305,133,0.002010858617722988,pretrain GD,133
0.4102237820625305,0.40897026658058167,134,0.001809772802516818,pretrain GD,134
0.40897026658058167,0.40773555636405945,135,0.0016086868708953261,pretrain GD,135
0.40773555636405945,0.40651917457580566,136,0.0016086868708953261,pretrain GD,136
0.40651917457580566,0.4053206145763397,137,0.001508143963292241,pretrain GD,137
0.4053206145763397,0.40413951873779297,138,0.001407601055689156,pretrain GD,138
0.40413951873779297,0.4029753804206848,139,0.0012065151240676641,pretrain GD,139
0.4029753804206848,0.40182793140411377,140,0.001307058148086071,pretrain GD,140
0.40182793140411377,0.4006965756416321,141,0.001508143963292241,pretrain GD,141
0.4006965756416321,0.39958107471466064,142,0.0012065151240676641,pretrain GD,142
0.39958107471466064,0.39848092198371887,143,0.0012065151240676641,pretrain GD,143
0.39848092198371887,0.39739590883255005,144,0.0006032575620338321,pretrain GD,144
0.39739590883255005,0.39632555842399597,145,0.001709229894913733,pretrain GD,145
0.39632555842399597,0.39526963233947754,146,0.001407601055689156,pretrain GD,146
0.39526963233947754,0.39422762393951416,147,0.002312487456947565,pretrain GD,147
0.39422762393951416,0.3931994140148163,148,0.0016086868708953261,pretrain GD,148
0.3931994140148163,0.3921845555305481,149,0.0064347474835813046,pretrain GD,149
0.3921845555305481,0.39118286967277527,150,0.001709229894913733,pretrain GD,150
0.39118286967277527,0.3901939392089844,151,0.001307058148086071,pretrain GD,151
0.3901939392089844,0.3892175555229187,152,0.001709229894913733,pretrain GD,152
0.3892175555229187,0.388253390789032,153,0.001307058148086071,pretrain GD,153
0.388253390789032,0.3873012661933899,154,0.001005429308861494,pretrain GD,154
0.3873012661933899,0.386360764503479,155,0.001508143963292241,pretrain GD,155
0.386360764503479,0.38543182611465454,156,0.001508143963292241,pretrain GD,156
0.38543182611465454,0.38451409339904785,157,0.000904886401258409,pretrain GD,157
0.38451409339904785,0.38360726833343506,158,0.001709229894913733,pretrain GD,158
0.38360726833343506,0.382711261510849,159,0.001508143963292241,pretrain GD,159
0.382711261510849,0.3818258047103882,160,0.001407601055689156,pretrain GD,160
0.3818258047103882,0.38095054030418396,161,0.001105972216464579,pretrain GD,161
0.38095054030418396,0.38008543848991394,162,0.0012065151240676641,pretrain GD,162
0.38008543848991394,0.379230260848999,163,0.0016086868708953261,pretrain GD,163
0.379230260848999,0.37838470935821533,164,0.001307058148086071,pretrain GD,164
0.37838470935821533,0.3775486648082733,165,0.001709229894913733,pretrain GD,165
0.3775486648082733,0.37672194838523865,166,0.001005429308861494,pretrain GD,166
0.37672194838523865,0.37590426206588745,167,0.000703800527844578,pretrain GD,167
0.37590426206588745,0.3750956058502197,168,0.001105972216464579,pretrain GD,168
0.3750956058502197,0.3742956519126892,169,0.001005429308861494,pretrain GD,169
0.3742956519126892,0.3735043406486511,170,0.001307058148086071,pretrain GD,170
0.3735043406486511,0.372721403837204,171,0.0006032575620338321,pretrain GD,171
0.372721403837204,0.3719467222690582,172,0.0008043434354476631,pretrain GD,172
0.3719467222690582,0.37118011713027954,173,0.001910315710119903,pretrain GD,173
0.37118011713027954,0.37042152881622314,174,0.0032173737417906523,pretrain GD,174
0.37042152881622314,0.3696706295013428,175,0.001005429308861494,pretrain GD,175
0.3696706295013428,0.3689274489879608,176,0.0012065151240676641,pretrain GD,176
0.3689274489879608,0.36819183826446533,177,0.001910315710119903,pretrain GD,177
0.36819183826446533,0.36746349930763245,178,0.003116830950602889,pretrain GD,178
0.36746349930763245,0.36674240231513977,179,0.001508143963292241,pretrain GD,179
0.36674240231513977,0.36602842807769775,180,0.001910315710119903,pretrain GD,180
0.36602842807769775,0.36532142758369446,181,0.001307058148086071,pretrain GD,181
0.36532142758369446,0.36462128162384033,182,0.0012065151240676641,pretrain GD,182
0.36462128162384033,0.36392784118652344,183,0.0008043434354476631,pretrain GD,183
0.36392784118652344,0.363241046667099,184,0.001407601055689156,pretrain GD,184
0.363241046667099,0.3625606894493103,185,0.000703800527844578,pretrain GD,185
0.3625606894493103,0.36188673973083496,186,0.001307058148086071,pretrain GD,186
0.36188673973083496,0.36121901869773865,187,0.000703800527844578,pretrain GD,187
0.36121901869773865,0.36055752635002136,188,0.001407601055689156,pretrain GD,188
0.36055752635002136,0.359902024269104,189,0.0012065151240676641,pretrain GD,189
0.359902024269104,0.3592524826526642,190,0.001307058148086071,pretrain GD,190
0.3592524826526642,0.35860878229141235,191,0.001005429308861494,pretrain GD,191
0.35860878229141235,0.35797080397605896,192,0.000703800527844578,pretrain GD,192
0.35797080397605896,0.35733848810195923,193,0.000904886401258409,pretrain GD,193
0.35733848810195923,0.356711745262146,194,0.001105972216464579,pretrain GD,194
0.356711745262146,0.3560904562473297,195,0.0008043434354476631,pretrain GD,195
0.3560904562473297,0.3554745614528656,196,0.001809772802516818,pretrain GD,196
0.3554745614528656,0.35486388206481934,197,0.0008043434354476631,pretrain GD,197
0.35486388206481934,0.3542584478855133,198,0.000703800527844578,pretrain GD,198
0.3542584478855133,0.35365813970565796,199,0.0008043434354476631,pretrain GD,199
0.35365813970565796,0.3530628979206085,200,0.0008043434354476631,pretrain GD,200
0.3530628979206085,0.35247254371643066,201,0.001005429308861494,pretrain GD,201
0.35247254371643066,0.351887047290802,202,0.000904886401258409,pretrain GD,202
0.351887047290802,0.3513064682483673,203,0.000703800527844578,pretrain GD,203
0.3513064682483673,0.3507304787635803,204,0.0006032575620338321,pretrain GD,204
0.3507304787635803,0.350159227848053,205,0.001307058148086071,pretrain GD,205
0.350159227848053,0.3495924770832062,206,0.000502714654430747,pretrain GD,206
0.3495924770832062,0.3490303158760071,207,0.0008043434354476631,pretrain GD,207
0.3490303158760071,0.3484725058078766,208,0.001005429308861494,pretrain GD,208
0.3484725058078766,0.3479190766811371,209,0.000904886401258409,pretrain GD,209
0.3479190766811371,0.3473699986934662,210,0.001105972216464579,pretrain GD,210
0.3473699986934662,0.34682515263557434,211,0.000904886401258409,pretrain GD,211
0.34682515263557434,0.3462844491004944,212,0.0012065151240676641,pretrain GD,212
0.3462844491004944,0.3457479178905487,213,0.001105972216464579,pretrain GD,213
0.3457479178905487,0.345215380191803,214,0.001105972216464579,pretrain GD,214
0.345215380191803,0.3446868062019348,215,0.000502714654430747,pretrain GD,215
0.3446868062019348,0.3441622257232666,216,0.0012065151240676641,pretrain GD,216
0.3441622257232666,0.3436415195465088,217,0.0008043434354476631,pretrain GD,217
0.3436415195465088,0.3431245684623718,218,0.0012065151240676641,pretrain GD,218
0.3431245684623718,0.3426114618778229,219,0.0006032575620338321,pretrain GD,219
0.3426114618778229,0.34210205078125,220,0.0006032575620338321,pretrain GD,220
0.34210205078125,0.34159621596336365,221,0.001407601055689156,pretrain GD,221
0.34159621596336365,0.34109410643577576,222,0.0032173737417906523,pretrain GD,222
0.34109410643577576,0.3405954837799072,223,0.001105972216464579,pretrain GD,223
0.3405954837799072,0.34010037779808044,224,0.0006032575620338321,pretrain GD,224
0.34010037779808044,0.33960869908332825,225,0.000904886401258409,pretrain GD,225
0.33960869908332825,0.339120477437973,226,0.0012065151240676641,pretrain GD,226
0.339120477437973,0.3386355936527252,227,0.000703800527844578,pretrain GD,227
0.3386355936527252,0.33815398812294006,228,0.0008043434354476631,pretrain GD,228
0.33815398812294006,0.33767569065093994,229,0.0008043434354476631,pretrain GD,229
0.33767569065093994,0.33720067143440247,230,0.000703800527844578,pretrain GD,230
0.33720067143440247,0.3367287516593933,231,0.0006032575620338321,pretrain GD,231
0.3367287516593933,0.33625999093055725,232,0.0008043434354476631,pretrain GD,232
0.33625999093055725,0.3357943594455719,233,0.001709229894913733,pretrain GD,233
0.3357943594455719,0.3353317677974701,234,0.001005429308861494,pretrain GD,234
0.3353317677974701,0.33487215638160706,235,0.000904886401258409,pretrain GD,235
0.33487215638160706,0.3344155251979828,236,0.000703800527844578,pretrain GD,236
0.3344155251979828,0.3339618742465973,237,0.001105972216464579,pretrain GD,237
0.3339618742465973,0.3335111141204834,238,0.0006032575620338321,pretrain GD,238
0.3335111141204834,0.3330632150173187,239,0.001005429308861494,pretrain GD,239
0.3330632150173187,0.3326180577278137,240,0.001307058148086071,pretrain GD,240
0.3326180577278137,0.3321757912635803,241,0.003317916765809059,pretrain GD,241
0.3321757912635803,0.3317362070083618,242,0.001005429308861494,pretrain GD,242
0.3317362070083618,0.331299364566803,243,0.002915745135396719,pretrain GD,243
0.331299364566803,0.33086520433425903,244,0.0016086868708953261,pretrain GD,244
0.33086520433425903,0.3304336667060852,245,0.002915745135396719,pretrain GD,245
0.3304336667060852,0.33000481128692627,246,0.000703800527844578,pretrain GD,246
0.33000481128692627,0.3295784890651703,247,0.001005429308861494,pretrain GD,247
0.3295784890651703,0.32915470004081726,248,0.0006032575620338321,pretrain GD,248
0.32915470004081726,0.3287334442138672,249,0.000904886401258409,pretrain GD,249
0.3287334442138672,0.3283146619796753,250,0.001105972216464579,pretrain GD,250
0.3283146619796753,0.32789841294288635,251,0.0027146590873599052,pretrain GD,251
0.32789841294288635,0.32748451828956604,252,0.001307058148086071,pretrain GD,252
0.32748451828956604,0.32707297801971436,253,0.000904886401258409,pretrain GD,253
0.32707297801971436,0.32666388154029846,254,0.000904886401258409,pretrain GD,254
0.32666388154029846,0.3262571096420288,255,0.0006032575620338321,pretrain GD,255
0.3262571096420288,0.325852632522583,256,0.000502714654430747,pretrain GD,256
0.325852632522583,0.32545045018196106,257,0.000703800527844578,pretrain GD,257
0.32545045018196106,0.3250504434108734,258,0.000502714654430747,pretrain GD,258
0.3250504434108734,0.3246527910232544,259,0.001005429308861494,pretrain GD,259
0.3246527910232544,0.3242572844028473,260,0.0006032575620338321,pretrain GD,260
0.3242572844028473,0.3238638937473297,261,0.000703800527844578,pretrain GD,261
0.3238638937473297,0.3234727382659912,262,0.001105972216464579,pretrain GD,262
0.3234727382659912,0.32308369874954224,263,0.0008043434354476631,pretrain GD,263
0.32308369874954224,0.322696715593338,264,0.0006032575620338321,pretrain GD,264
0.322696715593338,0.3223118484020233,265,0.0008043434354476631,pretrain GD,265
0.3223118484020233,0.321929007768631,266,0.00030162878101691604,pretrain GD,266
0.321929007768631,0.321548193693161,267,0.000703800527844578,pretrain GD,267
0.321548193693161,0.3211694359779358,268,0.0006032575620338321,pretrain GD,268
0.3211694359779358,0.32079261541366577,269,0.0006032575620338321,pretrain GD,269
0.32079261541366577,0.32041776180267334,270,0.000904886401258409,pretrain GD,270
0.32041776180267334,0.3200448155403137,271,0.0008043434354476631,pretrain GD,271
0.3200448155403137,0.3196738362312317,272,0.0006032575620338321,pretrain GD,272
0.3196738362312317,0.31930476427078247,273,0.00030162878101691604,pretrain GD,273
0.31930476427078247,0.3189374804496765,274,0.000502714654430747,pretrain GD,274
0.3189374804496765,0.31857213377952576,275,0.001105972216464579,pretrain GD,275
0.31857213377952576,0.31820857524871826,276,0.0008043434354476631,pretrain GD,276
0.31820857524871826,0.3178468644618988,277,0.001005429308861494,pretrain GD,277
0.3178468644618988,0.31748688220977783,278,0.0008043434354476631,pretrain GD,278
0.31748688220977783,0.3171286880970001,279,0.001105972216464579,pretrain GD,279
0.3171286880970001,0.3167722821235657,280,0.0008043434354476631,pretrain GD,280
0.3167722821235657,0.3164175748825073,281,0.001005429308861494,pretrain GD,281
0.3164175748825073,0.31606462597846985,282,0.00030162878101691604,pretrain GD,282
0.31606462597846985,0.3157133460044861,283,0.0008043434354476631,pretrain GD,283
0.3157133460044861,0.31536373496055603,284,0.001005429308861494,pretrain GD,284
0.31536373496055603,0.3150157928466797,285,0.000703800527844578,pretrain GD,285
0.3150157928466797,0.3146694600582123,286,0.000502714654430747,pretrain GD,286
0.3146694600582123,0.3143247663974762,287,0.00040217171772383153,pretrain GD,287
0.3143247663974762,0.31398171186447144,288,0.000703800527844578,pretrain GD,288
0.31398171186447144,0.3136402368545532,289,0.000703800527844578,pretrain GD,289
0.3136402368545532,0.31330031156539917,290,0.00040217171772383153,pretrain GD,290
0.31330031156539917,0.31296196579933167,291,0.00040217171772383153,pretrain GD,291
0.31296196579933167,0.3126251697540283,292,0.0008043434354476631,pretrain GD,292
0.3126251697540283,0.312289834022522,293,0.000904886401258409,pretrain GD,293
0.312289834022522,0.3119560778141022,294,0.000502714654430747,pretrain GD,294
0.3119560778141022,0.31162381172180176,295,0.00030162878101691604,pretrain GD,295
0.31162381172180176,0.31129294633865356,296,0.00040217171772383153,pretrain GD,296
0.31129294633865356,0.31096363067626953,297,0.000502714654430747,pretrain GD,297
0.31096363067626953,0.3106357157230377,298,0.00040217171772383153,pretrain GD,298
0.3106357157230377,0.3103092312812805,299,0.000703800527844578,pretrain GD,299
0.3103092312812805,0.3099841773509979,300,0.000703800527844578,pretrain GD,300
