step,method,covariance_trace,relative_frobenius_error,mean_direction_variance,mean_projection,std_projection,ci95_low,ci95_high,mean_path_error_to_sgd
0,empirical_sgd,10.01605322707333,0.0,1.001605322707333,1.001605322707333,0.0,0.0,0.0,0.0
0,standard_fp,10.01605322707333,0.0,1.001605322707333,1.001605322707333,0.0,0.0,0.0,0.0
0,discrete_fp,10.01605322707333,0.0,1.001605322707333,1.001605322707333,0.0,0.0,0.0,0.0
10,empirical_sgd,0.7979993212293733,0.0,0.07979993212293733,0.07979993212293733,0.0,0.0,0.0,0.0
10,standard_fp,0.7370707442562904,0.05176300915403926,0.07370707442562904,0.07370707442562904,0.0,0.0,0.0,0.05176300915403926
10,discrete_fp,0.7989391753454013,0.006282288189191887,0.07989391753454013,0.07989391753454013,0.0,0.0,0.0,0.006282288189191887
20,empirical_sgd,0.3715804181142298,0.0,0.03715804181142298,0.03715804181142298,0.0,0.0,0.0,0.0
20,standard_fp,0.3450105089722645,0.04581845975679146,0.03450105089722645,0.03450105089722645,0.0,0.0,0.0,0.04581845975679146
20,discrete_fp,0.3727238762119079,0.007564575652860179,0.03727238762119079,0.03727238762119079,0.0,0.0,0.0,0.007564575652860179
30,empirical_sgd,0.26145856685105123,0.0,0.026145856685105124,0.026145856685105124,0.0,0.0,0.0,0.0
30,standard_fp,0.24081425128425113,0.056084283207451235,0.024081425128425114,0.024081425128425114,0.0,0.0,0.0,0.056084283207451235
30,discrete_fp,0.2616148372349199,0.007876469302404175,0.02616148372349199,0.02616148372349199,0.0,0.0,0.0,0.007876469302404175
40,empirical_sgd,0.22268612097670595,0.0,0.022268612097670594,0.022268612097670594,0.0,0.0,0.0,0.0
40,standard_fp,0.20488663313438443,0.05833227843112536,0.020488663313438443,0.020488663313438443,0.0,0.0,0.0,0.05833227843112536
40,discrete_fp,0.22315622400257698,0.007365687482220175,0.0223156224002577,0.0223156224002577,0.0,0.0,0.0,0.007365687482220175
50,empirical_sgd,0.20848896466077788,0.0,0.020848896466077786,0.020848896466077786,0.0,0.0,0.0,0.0
50,standard_fp,0.19147130320330302,0.06144136913017264,0.019147130320330302,0.019147130320330302,0.0,0.0,0.0,0.06144136913017264
50,discrete_fp,0.20860715655282563,0.0069758170689229295,0.020860715655282563,0.020860715655282563,0.0,0.0,0.0,0.0069758170689229295
60,empirical_sgd,0.20327764861205327,0.0,0.020327764861205327,0.020327764861205327,0.0,0.0,0.0,0.0
60,standard_fp,0.18632373723842074,0.06438750544347874,0.018632373723842074,0.018632373723842074,0.0,0.0,0.0,0.06438750544347874
60,discrete_fp,0.20292455950890628,0.009855831633634111,0.020292455950890628,0.020292455950890628,0.0,0.0,0.0,0.009855831633634111
70,empirical_sgd,0.20058264185102825,0.0,0.020058264185102825,0.020058264185102825,0.0,0.0,0.0,0.0
70,standard_fp,0.18432961194102604,0.06298582364744339,0.018432961194102603,0.018432961194102603,0.0,0.0,0.0,0.06298582364744339
70,discrete_fp,0.20067837798643592,0.009752643622479863,0.020067837798643594,0.020067837798643594,0.0,0.0,0.0,0.009752643622479863
80,empirical_sgd,0.19908968454947104,0.0,0.019908968454947103,0.019908968454947103,0.0,0.0,0.0,0.0
80,standard_fp,0.18355449507350094,0.061446361263727524,0.018355449507350095,0.018355449507350095,0.0,0.0,0.0,0.061446361263727524
80,discrete_fp,0.19978649748733687,0.011178563267458884,0.019978649748733687,0.019978649748733687,0.0,0.0,0.0,0.011178563267458884
90,empirical_sgd,0.19884307492699937,0.0,0.019884307492699937,0.019884307492699937,0.0,0.0,0.0,0.0
90,standard_fp,0.18325284810744685,0.0626198732300339,0.018325284810744684,0.018325284810744684,0.0,0.0,0.0,0.0626198732300339
90,discrete_fp,0.19943175345491168,0.014199735509507828,0.019943175345491167,0.019943175345491167,0.0,0.0,0.0,0.014199735509507828
100,empirical_sgd,0.1993699782726427,0.0,0.01993699782726427,0.01993699782726427,0.0,0.0,0.0,0.0
100,standard_fp,0.18313540885324953,0.06397537158430287,0.018313540885324952,0.018313540885324952,0.0,0.0,0.0,0.06397537158430287
100,discrete_fp,0.19929056222113756,0.010878681061241928,0.019929056222113755,0.019929056222113755,0.0,0.0,0.0,0.010878681061241928
110,empirical_sgd,0.19931013719452087,0.0,0.019931013719452086,0.019931013719452086,0.0,0.0,0.0,0.0
110,standard_fp,0.18308967981675736,0.0635412464949388,0.018308967981675736,0.018308967981675736,0.0,0.0,0.0,0.0635412464949388
110,discrete_fp,0.1992343528671544,0.008639612245764943,0.01992343528671544,0.01992343528671544,0.0,0.0,0.0,0.008639612245764943
120,empirical_sgd,0.19907901241878936,0.0,0.019907901241878936,0.019907901241878936,0.0,0.0,0.0,0.0
120,standard_fp,0.1830718727016974,0.0633191701665059,0.01830718727016974,0.01830718727016974,0.0,0.0,0.0,0.0633191701665059
120,discrete_fp,0.19921197335208604,0.010731180109043302,0.019921197335208606,0.019921197335208606,0.0,0.0,0.0,0.010731180109043302
130,empirical_sgd,0.19953316496954804,0.0,0.019953316496954802,0.019953316496954802,0.0,0.0,0.0,0.0
130,standard_fp,0.18306493839401097,0.06477338622169952,0.018306493839401097,0.018306493839401097,0.0,0.0,0.0,0.06477338622169952
130,discrete_fp,0.19920306272133462,0.009286409981871989,0.01992030627213346,0.01992030627213346,0.0,0.0,0.0,0.009286409981871989
140,empirical_sgd,0.1992227557765309,0.0,0.019922275577653088,0.019922275577653088,0.0,0.0,0.0,0.0
140,standard_fp,0.18306223807244232,0.06345980693298507,0.018306223807244233,0.018306223807244233,0.0,0.0,0.0,0.06345980693298507
140,discrete_fp,0.19919951481454684,0.009603938378835384,0.019919951481454683,0.019919951481454683,0.0,0.0,0.0,0.009603938378835384
150,empirical_sgd,0.19860360454664877,0.0,0.019860360454664876,0.019860360454664876,0.0,0.0,0.0,0.0
150,standard_fp,0.18306118652502062,0.0633316229922912,0.018306118652502062,0.018306118652502062,0.0,0.0,0.0,0.0633316229922912
150,discrete_fp,0.19919810215264647,0.0166716642561583,0.019919810215264646,0.019919810215264646,0.0,0.0,0.0,0.0166716642561583
160,empirical_sgd,0.19873709950135668,0.0,0.019873709950135668,0.019873709950135668,0.0,0.0,0.0,0.0
160,standard_fp,0.1830607770356872,0.06195053315327287,0.01830607770356872,0.01830607770356872,0.0,0.0,0.0,0.06195053315327287
160,discrete_fp,0.1991975396751776,0.009163239126713608,0.01991975396751776,0.01991975396751776,0.0,0.0,0.0,0.009163239126713608
170,empirical_sgd,0.19975993009661044,0.0,0.019975993009661044,0.019975993009661044,0.0,0.0,0.0,0.0
170,standard_fp,0.18306061757396555,0.06563331060727771,0.018306061757396554,0.018306061757396554,0.0,0.0,0.0,0.06563331060727771
170,discrete_fp,0.19919731571419763,0.012598529358412833,0.019919731571419762,0.019919731571419762,0.0,0.0,0.0,0.012598529358412833
180,empirical_sgd,0.19958809589761348,0.0,0.01995880958976135,0.01995880958976135,0.0,0.0,0.0,0.0
180,standard_fp,0.18306055547700437,0.06488893073459183,0.018306055547700435,0.018306055547700435,0.0,0.0,0.0,0.06488893073459183
180,discrete_fp,0.19919722653989672,0.010344436662848865,0.019919722653989672,0.019919722653989672,0.0,0.0,0.0,0.010344436662848865
190,empirical_sgd,0.20054882810500693,0.0,0.020054882810500694,0.020054882810500694,0.0,0.0,0.0,0.0
190,standard_fp,0.18306053129544725,0.06821183723705208,0.018306053129544725,0.018306053129544725,0.0,0.0,0.0,0.06821183723705208
190,discrete_fp,0.19919719103345795,0.012573877160286654,0.019919719103345796,0.019919719103345796,0.0,0.0,0.0,0.012573877160286654
200,empirical_sgd,0.19954342618610618,0.0,0.019954342618610618,0.019954342618610618,0.0,0.0,0.0,0.0
200,standard_fp,0.18306052187875918,0.06487792791666433,0.01830605218787592,0.01830605218787592,0.0,0.0,0.0,0.06487792791666433
200,discrete_fp,0.19919717689589556,0.010075222671886387,0.019919717689589556,0.019919717689589556,0.0,0.0,0.0,0.010075222671886387
210,empirical_sgd,0.19922606797517708,0.0,0.019922606797517707,0.019922606797517707,0.0,0.0,0.0,0.0
210,standard_fp,0.1830605182117491,0.06420187766866099,0.01830605182117491,0.01830605182117491,0.0,0.0,0.0,0.06420187766866099
210,discrete_fp,0.19919717126675665,0.011535321687622445,0.019919717126675666,0.019919717126675666,0.0,0.0,0.0,0.011535321687622445
220,empirical_sgd,0.198740542748594,0.0,0.0198740542748594,0.0198740542748594,0.0,0.0,0.0,0.0
220,standard_fp,0.18306051678375626,0.0622052905626008,0.018306051678375627,0.018306051678375627,0.0,0.0,0.0,0.0622052905626008
220,discrete_fp,0.1991971690254081,0.011286461488291325,0.01991971690254081,0.01991971690254081,0.0,0.0,0.0,0.011286461488291325
230,empirical_sgd,0.1987938779219915,0.0,0.01987938779219915,0.01987938779219915,0.0,0.0,0.0,0.0
230,standard_fp,0.18306051622767286,0.06289133932565896,0.018306051622767286,0.018306051622767286,0.0,0.0,0.0,0.06289133932565896
230,discrete_fp,0.19919716813297264,0.012140651700276806,0.019919716813297263,0.019919716813297263,0.0,0.0,0.0,0.012140651700276806
240,empirical_sgd,0.19934491073229588,0.0,0.019934491073229588,0.019934491073229588,0.0,0.0,0.0,0.0
240,standard_fp,0.18306051601112505,0.0643205346801093,0.018306051601112504,0.018306051601112504,0.0,0.0,0.0,0.0643205346801093
240,discrete_fp,0.19919716777763252,0.009776924720276851,0.019919716777763254,0.019919716777763254,0.0,0.0,0.0,0.009776924720276851
250,empirical_sgd,0.1999504561627268,0.0,0.01999504561627268,0.01999504561627268,0.0,0.0,0.0,0.0
250,standard_fp,0.18306051592679776,0.06639934984702371,0.018306051592679777,0.018306051592679777,0.0,0.0,0.0,0.06639934984702371
250,discrete_fp,0.1991971676361471,0.012445625581098943,0.01991971676361471,0.01991971676361471,0.0,0.0,0.0,0.012445625581098943
260,empirical_sgd,0.19925943300917515,0.0,0.019925943300917515,0.019925943300917515,0.0,0.0,0.0,0.0
260,standard_fp,0.18306051589395939,0.06383652810634269,0.01830605158939594,0.01830605158939594,0.0,0.0,0.0,0.06383652810634269
260,discrete_fp,0.19919716757981198,0.009036675454147186,0.0199197167579812,0.0199197167579812,0.0,0.0,0.0,0.009036675454147186
270,empirical_sgd,0.19938373967949263,0.0,0.019938373967949265,0.019938373967949265,0.0,0.0,0.0,0.0
270,standard_fp,0.18306051588117164,0.06418381227746779,0.018306051588117163,0.018306051588117163,0.0,0.0,0.0,0.06418381227746779
270,discrete_fp,0.1991971675573811,0.00902775074987876,0.019919716755738108,0.019919716755738108,0.0,0.0,0.0,0.00902775074987876
280,empirical_sgd,0.19856165708247925,0.0,0.019856165708247924,0.019856165708247924,0.0,0.0,0.0,0.0
280,standard_fp,0.18306051587619182,0.062388661944363946,0.018306051587619183,0.018306051587619183,0.0,0.0,0.0,0.062388661944363946
280,discrete_fp,0.19919716754844982,0.014082373092057326,0.019919716754844982,0.019919716754844982,0.0,0.0,0.0,0.014082373092057326
290,empirical_sgd,0.19985508167566798,0.0,0.0199855081675668,0.0199855081675668,0.0,0.0,0.0,0.0
290,standard_fp,0.18306051587425262,0.06571128025764364,0.01830605158742526,0.01830605158742526,0.0,0.0,0.0,0.06571128025764364
290,discrete_fp,0.1991971675448936,0.010836791610485565,0.01991971675448936,0.01991971675448936,0.0,0.0,0.0,0.010836791610485565
300,empirical_sgd,0.19964462430525884,0.0,0.019964462430525885,0.019964462430525885,0.0,0.0,0.0,0.0
300,standard_fp,0.18306051587349745,0.06515998668899989,0.018306051587349745,0.018306051587349745,0.0,0.0,0.0,0.06515998668899989
300,discrete_fp,0.1991971675434777,0.013441617012240243,0.01991971675434777,0.01991971675434777,0.0,0.0,0.0,0.013441617012240243
310,empirical_sgd,0.20026677911389976,0.0,0.020026677911389977,0.020026677911389977,0.0,0.0,0.0,0.0
310,standard_fp,0.18306051587320338,0.067647735635241,0.01830605158732034,0.01830605158732034,0.0,0.0,0.0,0.067647735635241
310,discrete_fp,0.19919716754291386,0.015080009989651465,0.019919716754291387,0.019919716754291387,0.0,0.0,0.0,0.015080009989651465
320,empirical_sgd,0.20015880659234692,0.0,0.02001588065923469,0.02001588065923469,0.0,0.0,0.0,0.0
320,standard_fp,0.18306051587308889,0.06735400259336138,0.01830605158730889,0.01830605158730889,0.0,0.0,0.0,0.06735400259336138
320,discrete_fp,0.1991971675426894,0.016308836478795077,0.01991971675426894,0.01991971675426894,0.0,0.0,0.0,0.016308836478795077
330,empirical_sgd,0.19970290987547024,0.0,0.019970290987547025,0.019970290987547025,0.0,0.0,0.0,0.0
330,standard_fp,0.18306051587304428,0.0651616093562074,0.018306051587304428,0.018306051587304428,0.0,0.0,0.0,0.0651616093562074
330,discrete_fp,0.19919716754260003,0.0109618121252549,0.019919716754260002,0.019919716754260002,0.0,0.0,0.0,0.0109618121252549
340,empirical_sgd,0.1992989976471629,0.0,0.01992989976471629,0.01992989976471629,0.0,0.0,0.0,0.0
340,standard_fp,0.1830605158730269,0.0637387380356264,0.01830605158730269,0.01830605158730269,0.0,0.0,0.0,0.0637387380356264
340,discrete_fp,0.19919716754256445,0.01029317704684079,0.019919716754256446,0.019919716754256446,0.0,0.0,0.0,0.01029317704684079
350,empirical_sgd,0.1983645802300187,0.0,0.019836458023001872,0.019836458023001872,0.0,0.0,0.0,0.0
350,standard_fp,0.18306051587302014,0.061843410194241874,0.018306051587302013,0.018306051587302013,0.0,0.0,0.0,0.061843410194241874
350,discrete_fp,0.1991971675425503,0.01401313527623206,0.01991971675425503,0.01991971675425503,0.0,0.0,0.0,0.01401313527623206
360,empirical_sgd,0.19831748813439065,0.0,0.019831748813439066,0.019831748813439066,0.0,0.0,0.0,0.0
360,standard_fp,0.18306051587301753,0.06099902455629561,0.018306051587301753,0.018306051587301753,0.0,0.0,0.0,0.06099902455629561
360,discrete_fp,0.19919716754254463,0.012878737110667737,0.01991971675425446,0.01991971675425446,0.0,0.0,0.0,0.012878737110667737
370,empirical_sgd,0.2000633370925836,0.0,0.020006333709258358,0.020006333709258358,0.0,0.0,0.0,0.0
370,standard_fp,0.1830605158730165,0.06654656730865674,0.01830605158730165,0.01830605158730165,0.0,0.0,0.0,0.06654656730865674
370,discrete_fp,0.19919716754254246,0.012042726552860358,0.019919716754254246,0.019919716754254246,0.0,0.0,0.0,0.012042726552860358
380,empirical_sgd,0.1981077288684314,0.0,0.019810772886843138,0.019810772886843138,0.0,0.0,0.0,0.0
380,standard_fp,0.18306051587301608,0.05981648327779168,0.018306051587301607,0.018306051587301607,0.0,0.0,0.0,0.05981648327779168
380,discrete_fp,0.1991971675425415,0.010485556145101762,0.01991971675425415,0.01991971675425415,0.0,0.0,0.0,0.010485556145101762
390,empirical_sgd,0.1985890350320344,0.0,0.01985890350320344,0.01985890350320344,0.0,0.0,0.0,0.0
390,standard_fp,0.18306051587301597,0.06210081782521731,0.018306051587301597,0.018306051587301597,0.0,0.0,0.0,0.06210081782521731
390,discrete_fp,0.19919716754254116,0.012391033228294308,0.019919716754254115,0.019919716754254115,0.0,0.0,0.0,0.012391033228294308
400,empirical_sgd,0.19924830473557348,0.0,0.019924830473557347,0.019924830473557347,0.0,0.0,0.0,0.0
400,standard_fp,0.18306051587301592,0.06398003324031112,0.018306051587301593,0.018306051587301593,0.0,0.0,0.0,0.06398003324031112
400,discrete_fp,0.19919716754254105,0.010851996475372173,0.019919716754254104,0.019919716754254104,0.0,0.0,0.0,0.010851996475372173
410,empirical_sgd,0.19801980531456345,0.0,0.019801980531456344,0.019801980531456344,0.0,0.0,0.0,0.0
410,standard_fp,0.18306051587301592,0.060578984074677315,0.018306051587301593,0.018306051587301593,0.0,0.0,0.0,0.060578984074677315
410,discrete_fp,0.19919716754254102,0.014002098878025504,0.0199197167542541,0.0199197167542541,0.0,0.0,0.0,0.014002098878025504
420,empirical_sgd,0.19884330881519,0.0,0.019884330881519,0.019884330881519,0.0,0.0,0.0,0.0
420,standard_fp,0.18306051587301592,0.06295578519328023,0.018306051587301593,0.018306051587301593,0.0,0.0,0.0,0.06295578519328023
420,discrete_fp,0.19919716754254102,0.011966231047491739,0.0199197167542541,0.0199197167542541,0.0,0.0,0.0,0.011966231047491739
430,empirical_sgd,0.1990365890139816,0.0,0.019903658901398162,0.019903658901398162,0.0,0.0,0.0,0.0
430,standard_fp,0.18306051587301592,0.06390841018059594,0.018306051587301593,0.018306051587301593,0.0,0.0,0.0,0.06390841018059594
430,discrete_fp,0.19919716754254102,0.013957482257236148,0.0199197167542541,0.0199197167542541,0.0,0.0,0.0,0.013957482257236148
440,empirical_sgd,0.19916848334971365,0.0,0.019916848334971364,0.019916848334971364,0.0,0.0,0.0,0.0
440,standard_fp,0.18306051587301592,0.06344279036095923,0.018306051587301593,0.018306051587301593,0.0,0.0,0.0,0.06344279036095923
440,discrete_fp,0.19919716754254102,0.01070721991872323,0.0199197167542541,0.0199197167542541,0.0,0.0,0.0,0.01070721991872323
450,empirical_sgd,0.2005313855398792,0.0,0.02005313855398792,0.02005313855398792,0.0,0.0,0.0,0.0
450,standard_fp,0.18306051587301592,0.06928657626958244,0.018306051587301593,0.018306051587301593,0.0,0.0,0.0,0.06928657626958244
450,discrete_fp,0.19919716754254102,0.019297566604856105,0.0199197167542541,0.0199197167542541,0.0,0.0,0.0,0.019297566604856105
460,empirical_sgd,0.1995835638611736,0.0,0.01995835638611736,0.01995835638611736,0.0,0.0,0.0,0.0
460,standard_fp,0.18306051587301592,0.06539410150866493,0.018306051587301593,0.018306051587301593,0.0,0.0,0.0,0.06539410150866493
460,discrete_fp,0.19919716754254102,0.013621664567472585,0.0199197167542541,0.0199197167542541,0.0,0.0,0.0,0.013621664567472585
470,empirical_sgd,0.2000415202631772,0.0,0.02000415202631772,0.02000415202631772,0.0,0.0,0.0,0.0
470,standard_fp,0.18306051587301592,0.06620429640574951,0.018306051587301593,0.018306051587301593,0.0,0.0,0.0,0.06620429640574951
470,discrete_fp,0.19919716754254102,0.011747554706649286,0.0199197167542541,0.0199197167542541,0.0,0.0,0.0,0.011747554706649286
480,empirical_sgd,0.19894542995889242,0.0,0.01989454299588924,0.01989454299588924,0.0,0.0,0.0,0.0
480,standard_fp,0.18306051587301592,0.06341655365255498,0.018306051587301593,0.018306051587301593,0.0,0.0,0.0,0.06341655365255498
480,discrete_fp,0.19919716754254102,0.012483885587859369,0.0199197167542541,0.0199197167542541,0.0,0.0,0.0,0.012483885587859369
490,empirical_sgd,0.19929400165595218,0.0,0.019929400165595218,0.019929400165595218,0.0,0.0,0.0,0.0
490,standard_fp,0.18306051587301592,0.06433577077367296,0.018306051587301593,0.018306051587301593,0.0,0.0,0.0,0.06433577077367296
490,discrete_fp,0.19919716754254102,0.012044833845976197,0.0199197167542541,0.0199197167542541,0.0,0.0,0.0,0.012044833845976197
500,empirical_sgd,0.19953684192878438,0.0,0.019953684192878438,0.019953684192878438,0.0,0.0,0.0,0.0
500,standard_fp,0.18306051587301592,0.06442892248447951,0.018306051587301593,0.018306051587301593,0.0,0.0,0.0,0.06442892248447951
500,discrete_fp,0.19919716754254102,0.009876712987336262,0.0199197167542541,0.0199197167542541,0.0,0.0,0.0,0.009876712987336262
510,empirical_sgd,0.1999136990562371,0.0,0.01999136990562371,0.01999136990562371,0.0,0.0,0.0,0.0
510,standard_fp,0.18306051587301592,0.06599347424745752,0.018306051587301593,0.018306051587301593,0.0,0.0,0.0,0.06599347424745752
510,discrete_fp,0.19919716754254102,0.013077842911691078,0.0199197167542541,0.0199197167542541,0.0,0.0,0.0,0.013077842911691078
520,empirical_sgd,0.19951745910445484,0.0,0.019951745910445483,0.019951745910445483,0.0,0.0,0.0,0.0
520,standard_fp,0.18306051587301592,0.06510369597988973,0.018306051587301593,0.018306051587301593,0.0,0.0,0.0,0.06510369597988973
520,discrete_fp,0.19919716754254102,0.013657238698869171,0.0199197167542541,0.0199197167542541,0.0,0.0,0.0,0.013657238698869171
530,empirical_sgd,0.1990606185808567,0.0,0.019906061858085668,0.019906061858085668,0.0,0.0,0.0,0.0
530,standard_fp,0.18306051587301592,0.06409525263744957,0.018306051587301593,0.018306051587301593,0.0,0.0,0.0,0.06409525263744957
530,discrete_fp,0.19919716754254102,0.014373213265080946,0.0199197167542541,0.0199197167542541,0.0,0.0,0.0,0.014373213265080946
540,empirical_sgd,0.1989429958613687,0.0,0.019894299586136872,0.019894299586136872,0.0,0.0,0.0,0.0
540,standard_fp,0.18306051587301592,0.062440616158140276,0.018306051587301593,0.018306051587301593,0.0,0.0,0.0,0.062440616158140276
540,discrete_fp,0.19919716754254102,0.009924366197306151,0.0199197167542541,0.0199197167542541,0.0,0.0,0.0,0.009924366197306151
550,empirical_sgd,0.19968945970764204,0.0,0.019968945970764203,0.019968945970764203,0.0,0.0,0.0,0.0
550,standard_fp,0.18306051587301592,0.06560870299469004,0.018306051587301593,0.018306051587301593,0.0,0.0,0.0,0.06560870299469004
550,discrete_fp,0.19919716754254102,0.01225274850907919,0.0199197167542541,0.0199197167542541,0.0,0.0,0.0,0.01225274850907919
560,empirical_sgd,0.19892257344640055,0.0,0.019892257344640056,0.019892257344640056,0.0,0.0,0.0,0.0
560,standard_fp,0.18306051587301592,0.06255003119593303,0.018306051587301593,0.018306051587301593,0.0,0.0,0.0,0.06255003119593303
560,discrete_fp,0.19919716754254102,0.010618516072125505,0.0199197167542541,0.0199197167542541,0.0,0.0,0.0,0.010618516072125505
570,empirical_sgd,0.19926592473404056,0.0,0.019926592473404055,0.019926592473404055,0.0,0.0,0.0,0.0
570,standard_fp,0.18306051587301592,0.06352282968229522,0.018306051587301593,0.018306051587301593,0.0,0.0,0.0,0.06352282968229522
570,discrete_fp,0.19919716754254102,0.008994818209234859,0.0199197167542541,0.0199197167542541,0.0,0.0,0.0,0.008994818209234859
580,empirical_sgd,0.19910018308866742,0.0,0.019910018308866743,0.019910018308866743,0.0,0.0,0.0,0.0
580,standard_fp,0.18306051587301592,0.06326115440005256,0.018306051587301593,0.018306051587301593,0.0,0.0,0.0,0.06326115440005256
580,discrete_fp,0.19919716754254102,0.009926614131879116,0.0199197167542541,0.0199197167542541,0.0,0.0,0.0,0.009926614131879116
590,empirical_sgd,0.1986121263884422,0.0,0.01986121263884422,0.01986121263884422,0.0,0.0,0.0,0.0
590,standard_fp,0.18306051587301592,0.06206127388771958,0.018306051587301593,0.018306051587301593,0.0,0.0,0.0,0.06206127388771958
590,discrete_fp,0.19919716754254102,0.012352459255875928,0.0199197167542541,0.0199197167542541,0.0,0.0,0.0,0.012352459255875928
600,empirical_sgd,0.19912871456809778,0.0,0.019912871456809776,0.019912871456809776,0.0,0.0,0.0,0.0
600,standard_fp,0.18306051587301592,0.06317014126643174,0.018306051587301593,0.018306051587301593,0.0,0.0,0.0,0.06317014126643174
600,discrete_fp,0.19919716754254102,0.009956080802798138,0.0199197167542541,0.0199197167542541,0.0,0.0,0.0,0.009956080802798138
610,empirical_sgd,0.19896450513662226,0.0,0.019896450513662227,0.019896450513662227,0.0,0.0,0.0,0.0
610,standard_fp,0.18306051587301592,0.0630523378062894,0.018306051587301593,0.018306051587301593,0.0,0.0,0.0,0.0630523378062894
610,discrete_fp,0.19919716754254102,0.011127855589562268,0.0199197167542541,0.0199197167542541,0.0,0.0,0.0,0.011127855589562268
620,empirical_sgd,0.19966441574754304,0.0,0.019966441574754305,0.019966441574754305,0.0,0.0,0.0,0.0
620,standard_fp,0.18306051587301592,0.06500503764674435,0.018306051587301593,0.018306051587301593,0.0,0.0,0.0,0.06500503764674435
620,discrete_fp,0.19919716754254102,0.008537266859176103,0.0199197167542541,0.0199197167542541,0.0,0.0,0.0,0.008537266859176103
630,empirical_sgd,0.1991497136802775,0.0,0.01991497136802775,0.01991497136802775,0.0,0.0,0.0,0.0
630,standard_fp,0.18306051587301592,0.0630733120562448,0.018306051587301593,0.018306051587301593,0.0,0.0,0.0,0.0630733120562448
630,discrete_fp,0.19919716754254102,0.00832653823158704,0.0199197167542541,0.0199197167542541,0.0,0.0,0.0,0.00832653823158704
640,empirical_sgd,0.19984038592080036,0.0,0.019984038592080037,0.019984038592080037,0.0,0.0,0.0,0.0
640,standard_fp,0.18306051587301592,0.06591476242110335,0.018306051587301593,0.018306051587301593,0.0,0.0,0.0,0.06591476242110335
640,discrete_fp,0.19919716754254102,0.013029631853793553,0.0199197167542541,0.0199197167542541,0.0,0.0,0.0,0.013029631853793553
650,empirical_sgd,0.19906172794286406,0.0,0.019906172794286407,0.019906172794286407,0.0,0.0,0.0,0.0
650,standard_fp,0.18306051587301592,0.06322448007028872,0.018306051587301593,0.018306051587301593,0.0,0.0,0.0,0.06322448007028872
650,discrete_fp,0.19919716754254102,0.011041587398876241,0.0199197167542541,0.0199197167542541,0.0,0.0,0.0,0.011041587398876241
660,empirical_sgd,0.19895736196222977,0.0,0.019895736196222976,0.019895736196222976,0.0,0.0,0.0,0.0
660,standard_fp,0.18306051587301592,0.06288290722363359,0.018306051587301593,0.018306051587301593,0.0,0.0,0.0,0.06288290722363359
660,discrete_fp,0.19919716754254102,0.009638140210631078,0.0199197167542541,0.0199197167542541,0.0,0.0,0.0,0.009638140210631078
670,empirical_sgd,0.19907651723059044,0.0,0.019907651723059045,0.019907651723059045,0.0,0.0,0.0,0.0
670,standard_fp,0.18306051587301592,0.06310852292956505,0.018306051587301593,0.018306051587301593,0.0,0.0,0.0,0.06310852292956505
670,discrete_fp,0.19919716754254102,0.010486174501816001,0.0199197167542541,0.0199197167542541,0.0,0.0,0.0,0.010486174501816001
680,empirical_sgd,0.2001910586191052,0.0,0.020019105861910517,0.020019105861910517,0.0,0.0,0.0,0.0
680,standard_fp,0.18306051587301592,0.06680760951596885,0.018306051587301593,0.018306051587301593,0.0,0.0,0.0,0.06680760951596885
680,discrete_fp,0.19919716754254102,0.011252931671346044,0.0199197167542541,0.0199197167542541,0.0,0.0,0.0,0.011252931671346044
690,empirical_sgd,0.19961883245673495,0.0,0.019961883245673495,0.019961883245673495,0.0,0.0,0.0,0.0
690,standard_fp,0.18306051587301592,0.06470384889733564,0.018306051587301593,0.018306051587301593,0.0,0.0,0.0,0.06470384889733564
690,discrete_fp,0.19919716754254102,0.009744553312645253,0.0199197167542541,0.0199197167542541,0.0,0.0,0.0,0.009744553312645253
700,empirical_sgd,0.20006860724271236,0.0,0.020006860724271235,0.020006860724271235,0.0,0.0,0.0,0.0
700,standard_fp,0.18306051587301592,0.06678867729086152,0.018306051587301593,0.018306051587301593,0.0,0.0,0.0,0.06678867729086152
700,discrete_fp,0.19919716754254102,0.013480946680447064,0.0199197167542541,0.0199197167542541,0.0,0.0,0.0,0.013480946680447064
710,empirical_sgd,0.19919065220007856,0.0,0.019919065220007855,0.019919065220007855,0.0,0.0,0.0,0.0
710,standard_fp,0.18306051587301592,0.06360926717761343,0.018306051587301593,0.018306051587301593,0.0,0.0,0.0,0.06360926717761343
710,discrete_fp,0.19919716754254102,0.011390046673137985,0.0199197167542541,0.0199197167542541,0.0,0.0,0.0,0.011390046673137985
720,empirical_sgd,0.1988488697080153,0.0,0.01988488697080153,0.01988488697080153,0.0,0.0,0.0,0.0
720,standard_fp,0.18306051587301592,0.06275091823608064,0.018306051587301593,0.018306051587301593,0.0,0.0,0.0,0.06275091823608064
720,discrete_fp,0.19919716754254102,0.011100745766340145,0.0199197167542541,0.0199197167542541,0.0,0.0,0.0,0.011100745766340145
730,empirical_sgd,0.1984520903232572,0.0,0.01984520903232572,0.01984520903232572,0.0,0.0,0.0,0.0
730,standard_fp,0.18306051587301592,0.061762700272238805,0.018306051587301593,0.018306051587301593,0.0,0.0,0.0,0.061762700272238805
730,discrete_fp,0.19919716754254102,0.013681649680200334,0.0199197167542541,0.0199197167542541,0.0,0.0,0.0,0.013681649680200334
740,empirical_sgd,0.19854887279786537,0.0,0.019854887279786536,0.019854887279786536,0.0,0.0,0.0,0.0
740,standard_fp,0.18306051587301592,0.06146924698066967,0.018306051587301593,0.018306051587301593,0.0,0.0,0.0,0.06146924698066967
740,discrete_fp,0.19919716754254102,0.009451442354579858,0.0199197167542541,0.0199197167542541,0.0,0.0,0.0,0.009451442354579858
750,empirical_sgd,0.19930757901958782,0.0,0.019930757901958782,0.019930757901958782,0.0,0.0,0.0,0.0
750,standard_fp,0.18306051587301592,0.06371631787939193,0.018306051587301593,0.018306051587301593,0.0,0.0,0.0,0.06371631787939193
750,discrete_fp,0.19919716754254102,0.008556254446349673,0.0199197167542541,0.0199197167542541,0.0,0.0,0.0,0.008556254446349673
760,empirical_sgd,0.19940539785581157,0.0,0.019940539785581156,0.019940539785581156,0.0,0.0,0.0,0.0
760,standard_fp,0.18306051587301592,0.06443228002316766,0.018306051587301593,0.018306051587301593,0.0,0.0,0.0,0.06443228002316766
760,discrete_fp,0.19919716754254102,0.010789271933052149,0.0199197167542541,0.0199197167542541,0.0,0.0,0.0,0.010789271933052149
770,empirical_sgd,0.19966540856384923,0.0,0.019966540856384923,0.019966540856384923,0.0,0.0,0.0,0.0
770,standard_fp,0.18306051587301592,0.06569028649045638,0.018306051587301593,0.018306051587301593,0.0,0.0,0.0,0.06569028649045638
770,discrete_fp,0.19919716754254102,0.01345601888352803,0.0199197167542541,0.0199197167542541,0.0,0.0,0.0,0.01345601888352803
780,empirical_sgd,0.19964922785155614,0.0,0.019964922785155614,0.019964922785155614,0.0,0.0,0.0,0.0
780,standard_fp,0.18306051587301592,0.06552918966336886,0.018306051587301593,0.018306051587301593,0.0,0.0,0.0,0.06552918966336886
780,discrete_fp,0.19919716754254102,0.014094400788840054,0.0199197167542541,0.0199197167542541,0.0,0.0,0.0,0.014094400788840054
790,empirical_sgd,0.19900288460534687,0.0,0.01990028846053469,0.01990028846053469,0.0,0.0,0.0,0.0
790,standard_fp,0.18306051587301592,0.06365568906746974,0.018306051587301593,0.018306051587301593,0.0,0.0,0.0,0.06365568906746974
790,discrete_fp,0.19919716754254102,0.013320962026919554,0.0199197167542541,0.0199197167542541,0.0,0.0,0.0,0.013320962026919554
800,empirical_sgd,0.1993814156940204,0.0,0.01993814156940204,0.01993814156940204,0.0,0.0,0.0,0.0
800,standard_fp,0.18306051587301592,0.06425695683018966,0.018306051587301593,0.018306051587301593,0.0,0.0,0.0,0.06425695683018966
800,discrete_fp,0.19919716754254102,0.010819787961306037,0.0199197167542541,0.0199197167542541,0.0,0.0,0.0,0.010819787961306037
810,empirical_sgd,0.1988018846917238,0.0,0.01988018846917238,0.01988018846917238,0.0,0.0,0.0,0.0
810,standard_fp,0.18306051587301592,0.06343625462926201,0.018306051587301593,0.018306051587301593,0.0,0.0,0.0,0.06343625462926201
810,discrete_fp,0.19919716754254102,0.015165112431086607,0.0199197167542541,0.0199197167542541,0.0,0.0,0.0,0.015165112431086607
820,empirical_sgd,0.20022419007689896,0.0,0.020022419007689897,0.020022419007689897,0.0,0.0,0.0,0.0
820,standard_fp,0.18306051587301592,0.06705028898844202,0.018306051587301593,0.018306051587301593,0.0,0.0,0.0,0.06705028898844202
820,discrete_fp,0.19919716754254102,0.01271589370158329,0.0199197167542541,0.0199197167542541,0.0,0.0,0.0,0.01271589370158329
830,empirical_sgd,0.19881804729657063,0.0,0.019881804729657063,0.019881804729657063,0.0,0.0,0.0,0.0
830,standard_fp,0.18306051587301592,0.06242975633855845,0.018306051587301593,0.018306051587301593,0.0,0.0,0.0,0.06242975633855845
830,discrete_fp,0.19919716754254102,0.01006689429285211,0.0199197167542541,0.0199197167542541,0.0,0.0,0.0,0.01006689429285211
840,empirical_sgd,0.19892847982627876,0.0,0.019892847982627877,0.019892847982627877,0.0,0.0,0.0,0.0
840,standard_fp,0.18306051587301592,0.06298195839469879,0.018306051587301593,0.018306051587301593,0.0,0.0,0.0,0.06298195839469879
840,discrete_fp,0.19919716754254102,0.011958936245541979,0.0199197167542541,0.0199197167542541,0.0,0.0,0.0,0.011958936245541979
850,empirical_sgd,0.19972621065231044,0.0,0.019972621065231046,0.019972621065231046,0.0,0.0,0.0,0.0
850,standard_fp,0.18306051587301592,0.06510398612510121,0.018306051587301593,0.018306051587301593,0.0,0.0,0.0,0.06510398612510121
850,discrete_fp,0.19919716754254102,0.009408177103032114,0.0199197167542541,0.0199197167542541,0.0,0.0,0.0,0.009408177103032114
860,empirical_sgd,0.19984354883526753,0.0,0.019984354883526755,0.019984354883526755,0.0,0.0,0.0,0.0
860,standard_fp,0.18306051587301592,0.0654614820777845,0.018306051587301593,0.018306051587301593,0.0,0.0,0.0,0.0654614820777845
860,discrete_fp,0.19919716754254102,0.00908510228946855,0.0199197167542541,0.0199197167542541,0.0,0.0,0.0,0.00908510228946855
870,empirical_sgd,0.19953428544520033,0.0,0.019953428544520032,0.019953428544520032,0.0,0.0,0.0,0.0
870,standard_fp,0.18306051587301592,0.06501722511729986,0.018306051587301593,0.018306051587301593,0.0,0.0,0.0,0.06501722511729986
870,discrete_fp,0.19919716754254102,0.012037517289084114,0.0199197167542541,0.0199197167542541,0.0,0.0,0.0,0.012037517289084114
880,empirical_sgd,0.199728107147674,0.0,0.0199728107147674,0.0199728107147674,0.0,0.0,0.0,0.0
880,standard_fp,0.18306051587301592,0.06508457212044808,0.018306051587301593,0.018306051587301593,0.0,0.0,0.0,0.06508457212044808
880,discrete_fp,0.19919716754254102,0.008640723437169772,0.0199197167542541,0.0199197167542541,0.0,0.0,0.0,0.008640723437169772
890,empirical_sgd,0.19943069450630163,0.0,0.019943069450630162,0.019943069450630162,0.0,0.0,0.0,0.0
890,standard_fp,0.18306051587301592,0.06459152042754641,0.018306051587301593,0.018306051587301593,0.0,0.0,0.0,0.06459152042754641
890,discrete_fp,0.19919716754254102,0.011932125821143023,0.0199197167542541,0.0199197167542541,0.0,0.0,0.0,0.011932125821143023
900,empirical_sgd,0.19947590633721332,0.0,0.019947590633721334,0.019947590633721334,0.0,0.0,0.0,0.0
900,standard_fp,0.18306051587301592,0.06472639910187958,0.018306051587301593,0.018306051587301593,0.0,0.0,0.0,0.06472639910187958
900,discrete_fp,0.19919716754254102,0.011618836111035199,0.0199197167542541,0.0199197167542541,0.0,0.0,0.0,0.011618836111035199
910,empirical_sgd,0.19852520207620925,0.0,0.019852520207620926,0.019852520207620926,0.0,0.0,0.0,0.0
910,standard_fp,0.18306051587301592,0.061988073028366314,0.018306051587301593,0.018306051587301593,0.0,0.0,0.0,0.061988073028366314
910,discrete_fp,0.19919716754254102,0.013057281208090249,0.0199197167542541,0.0199197167542541,0.0,0.0,0.0,0.013057281208090249
920,empirical_sgd,0.19911157180250746,0.0,0.019911157180250747,0.019911157180250747,0.0,0.0,0.0,0.0
920,standard_fp,0.18306051587301592,0.06381391891466445,0.018306051587301593,0.018306051587301593,0.0,0.0,0.0,0.06381391891466445
920,discrete_fp,0.19919716754254102,0.012476674630419854,0.0199197167542541,0.0199197167542541,0.0,0.0,0.0,0.012476674630419854
930,empirical_sgd,0.19899010974825848,0.0,0.019899010974825847,0.019899010974825847,0.0,0.0,0.0,0.0
930,standard_fp,0.18306051587301592,0.06342627770713981,0.018306051587301593,0.018306051587301593,0.0,0.0,0.0,0.06342627770713981
930,discrete_fp,0.19919716754254102,0.01165697378841128,0.0199197167542541,0.0199197167542541,0.0,0.0,0.0,0.01165697378841128
940,empirical_sgd,0.1987767371183974,0.0,0.019877673711839742,0.019877673711839742,0.0,0.0,0.0,0.0
940,standard_fp,0.18306051587301592,0.06206706980535614,0.018306051587301593,0.018306051587301593,0.0,0.0,0.0,0.06206706980535614
940,discrete_fp,0.19919716754254102,0.009018286200347206,0.0199197167542541,0.0199197167542541,0.0,0.0,0.0,0.009018286200347206
950,empirical_sgd,0.1994102713175484,0.0,0.01994102713175484,0.01994102713175484,0.0,0.0,0.0,0.0
950,standard_fp,0.18306051587301592,0.06454423157482377,0.018306051587301593,0.018306051587301593,0.0,0.0,0.0,0.06454423157482377
950,discrete_fp,0.19919716754254102,0.009618145121233544,0.0199197167542541,0.0199197167542541,0.0,0.0,0.0,0.009618145121233544
960,empirical_sgd,0.19877444284668636,0.0,0.019877444284668637,0.019877444284668637,0.0,0.0,0.0,0.0
960,standard_fp,0.18306051587301592,0.0624424157699834,0.018306051587301593,0.018306051587301593,0.0,0.0,0.0,0.0624424157699834
960,discrete_fp,0.19919716754254102,0.01206710615966316,0.0199197167542541,0.0199197167542541,0.0,0.0,0.0,0.01206710615966316
970,empirical_sgd,0.1989746979832701,0.0,0.01989746979832701,0.01989746979832701,0.0,0.0,0.0,0.0
970,standard_fp,0.18306051587301592,0.06368194585189459,0.018306051587301593,0.018306051587301593,0.0,0.0,0.0,0.06368194585189459
970,discrete_fp,0.19919716754254102,0.01246479897215005,0.0199197167542541,0.0199197167542541,0.0,0.0,0.0,0.01246479897215005
980,empirical_sgd,0.19961906630688378,0.0,0.019961906630688378,0.019961906630688378,0.0,0.0,0.0,0.0
980,standard_fp,0.18306051587301592,0.06464581945978899,0.018306051587301593,0.018306051587301593,0.0,0.0,0.0,0.06464581945978899
980,discrete_fp,0.19919716754254102,0.010184884162756437,0.0199197167542541,0.0199197167542541,0.0,0.0,0.0,0.010184884162756437
990,empirical_sgd,0.19878453944412536,0.0,0.019878453944412535,0.019878453944412535,0.0,0.0,0.0,0.0
990,standard_fp,0.18306051587301592,0.06307114954645855,0.018306051587301593,0.018306051587301593,0.0,0.0,0.0,0.06307114954645855
990,discrete_fp,0.19919716754254102,0.01228600142023737,0.0199197167542541,0.0199197167542541,0.0,0.0,0.0,0.01228600142023737
1000,empirical_sgd,0.199067376096016,0.0,0.0199067376096016,0.0199067376096016,0.0,0.0,0.0,0.0
1000,standard_fp,0.18306051587301592,0.0631093889822156,0.018306051587301593,0.018306051587301593,0.0,0.0,0.0,0.0631093889822156
1000,discrete_fp,0.19919716754254102,0.009775679496240778,0.0199197167542541,0.0199197167542541,0.0,0.0,0.0,0.009775679496240778
