eta,eta_lambda_max,lambda_i,gamma_over_lambda_sq,x,y,discrete_prediction
0.00078,0.0501404,64.28261,0.005351866,0.050140436,1.0243745,1.0257184
0.00078,0.0501404,61.323718,0.0072178705,0.0478325,1.0125159,1.0245066
0.00078,0.0501404,57.920086,0.0033189053,0.045177667,1.0102331,1.0231127
0.00078,0.0501404,57.185156,0.0018829046,0.044604422,1.0520257,1.0228119
0.00078,0.0501404,56.212369,0.0048166841,0.043845648,1.017887,1.0224166
0.00078,0.0501404,55.98455,0.0014947169,0.043667949,0.94157454,1.0223221
0.00078,0.0501404,54.95116,0.002308841,0.042861905,1.0552716,1.0219014
0.00078,0.0501404,54.117662,0.0028656758,0.042211776,1.0300264,1.0215623
0.00078,0.0501404,53.672074,0.0026035085,0.041864217,1.0119441,1.0213808
0.00078,0.0501404,53.265016,0.0019065738,0.041546712,1.0062665,1.0212149
0.00078,0.0501404,52.890581,0.0021653407,0.041254653,1.0817634,1.0210627
0.00078,0.0501404,52.766978,0.0017308858,0.041158243,1.042771,1.0210123
0.00078,0.0501404,52.266747,0.0019597591,0.040768062,1.0948289,1.020809
0.00078,0.0501404,52.077735,0.0027325908,0.040620634,1.0828895,1.0207326
0.00078,0.0501404,51.743686,0.0019318592,0.040360075,1.003353,1.0205965
0.00078,0.0501404,51.657649,0.0023872385,0.040292966,1.0509752,1.0205617
0.00078,0.0501404,51.309191,0.0015835722,0.040021169,0.97161073,1.0204198
0.00078,0.0501404,50.989116,0.0023317509,0.039771511,1.0189379,1.0202902
0.00078,0.0501404,50.527186,0.0020782488,0.039411205,1.0429464,1.0201026
0.00078,0.0501404,50.347572,0.0021525683,0.039271106,1.0404224,1.0200297
0.00078,0.0501404,50.22065,0.0019829091,0.039172107,1.0333221,1.0199781
0.00078,0.0501404,49.802665,0.0019582754,0.038846079,1.0221577,1.0198085
0.00078,0.0501404,49.750456,0.0027825424,0.038805356,0.99663735,1.0197877
0.00078,0.0501404,49.476649,0.001812687,0.038591786,1.0234393,1.0196763
0.00078,0.0501404,49.368773,0.0022270161,0.038507643,1.0293873,1.0196327
0.00078,0.0501404,48.927776,0.0022327438,0.038163665,1.0219201,1.0194539
0.00078,0.0501404,48.802142,0.0016967642,0.038065671,1.028124,1.0194028
0.00078,0.0501404,48.726283,0.0017416064,0.0380065,0.98232137,1.019372
0.00078,0.0501404,48.357126,0.0016797145,0.037718558,1.0275094,1.0192224
0.00078,0.0501404,48.077923,0.0019244634,0.03750078,0.95494545,1.0191094
0.00078,0.0501404,48.015036,0.002093221,0.037451728,0.99802816,1.019084
0.00078,0.0501404,47.49203,0.0019652724,0.037043783,0.99171265,1.0188721
0.00078,0.0501404,47.271992,0.0021382139,0.036872154,1.0086819,1.0187831
0.00078,0.0501404,46.734678,0.0016475857,0.036453049,1.0300565,1.0185655
0.00078,0.0501404,46.270591,0.0018431293,0.036091061,1.0468924,1.0183778
0.00078,0.0501404,46.136167,0.0020709939,0.03598621,0.96525087,1.0183235
0.00078,0.0501404,45.836995,0.001541263,0.035752856,1.0304297,1.0182023
0.00078,0.0501404,45.137063,0.0020538114,0.035206909,1.0559013,1.0179195
0.00078,0.0501404,44.975324,0.0015277833,0.035080753,0.9593169,1.017854
0.00078,0.0501404,44.589286,0.0017623055,0.034779643,0.99766353,1.0176981
0.00078,0.0501404,43.999566,0.0016533768,0.034319662,1.038923,1.0174599
0.00078,0.0501404,43.816333,0.0018060894,0.03417674,1.0360133,1.017386
0.00078,0.0501404,43.231534,0.0020578428,0.033720597,1.029927,1.01715
0.00078,0.0501404,42.680171,0.0022391569,0.033290534,1.0464542,1.0169277
0.00078,0.0501404,42.512847,0.0021880909,0.033160021,1.0232437,1.0168602
0.00078,0.0501404,42.309539,0.0026449244,0.033001441,1.0135721,1.0167783
0.00078,0.0501404,41.994497,0.0015469495,0.032755707,1.0380383,1.016651
0.00078,0.0501404,41.809178,0.0014977849,0.032611159,0.98078684,1.0165763
0.00078,0.0501404,41.279049,0.0011516625,0.032197658,1.0457795,1.0163626
0.00078,0.0501404,40.934428,0.0014581386,0.031928854,1.0230266,1.0162238
0.00078,0.0501404,40.74223,0.001846696,0.031778939,1.0027112,1.0161465
0.00078,0.0501404,40.424629,0.0019890334,0.03153121,1.02172,1.0160187
0.00078,0.0501404,39.952819,0.0018810399,0.031163199,0.99117931,1.0158287
0.00078,0.0501404,39.618674,0.0019280092,0.030902566,0.99404497,1.0156942
0.00078,0.0501404,39.333092,0.0026145218,0.030679812,0.97316838,1.0155795
0.00078,0.0501404,39.008617,0.0015537404,0.030426721,1.0382098,1.0154488
0.00078,0.0501404,38.485477,0.0022139212,0.030018672,0.97916905,1.0152386
0.00078,0.0501404,38.048056,0.0024634393,0.029677484,1.0140684,1.0150628
0.00078,0.0501404,37.723423,0.0015060504,0.02942427,0.96938435,1.0149322
0.00078,0.0501404,37.317395,0.0019999324,0.029107568,1.0599627,1.0147692
0.00078,0.0501404,37.122655,0.001955278,0.028955671,1.0012748,1.0146909
0.00078,0.0501404,36.689034,0.0018150244,0.028617446,1.0086479,1.0145168
0.00078,0.0501404,36.455586,0.0021931248,0.028435357,1.0948,1.0144232
0.00078,0.0501404,36.116504,0.0030983723,0.028170873,0.9567676,1.0142873
0.00078,0.0501404,35.637268,0.0018987923,0.027797069,1.0140663,1.0140948
0.00078,0.0501404,35.606117,0.0030778661,0.027772771,1.0439006,1.0140825
0.00078,0.0501404,35.116101,0.0037132386,0.027390559,0.9886363,1.0138862
0.00078,0.0501404,34.27517,0.0021894815,0.026734633,1.0713995,1.0135488
0.00078,0.0501404,34.120119,0.0019724564,0.026613693,1.0087748,1.0134867
0.00078,0.0501404,33.696431,0.0023351938,0.026283217,1.0829823,1.013317
0.00078,0.0501404,33.497567,0.0020704088,0.026128102,0.96309802,1.0132373
0.00078,0.0501404,33.41074,0.0020888197,0.026060377,1.0554333,1.0132026
0.00078,0.0501404,33.148208,0.0023219185,0.025855602,0.9912927,1.0130975
0.00078,0.0501404,32.976788,0.0023906622,0.025721895,1.0595064,1.0130289
0.00078,0.0501404,32.510113,0.0061213982,0.025357888,1.0233214,1.0128428
0.00078,0.0501404,32.412587,0.0021647523,0.025281818,0.98557009,1.0128031
0.00078,0.0501404,32.262754,0.0018047511,0.025164948,0.9885045,1.0127431
0.00078,0.0501404,31.973814,0.0018843995,0.024939575,1.1072103,1.0126276
0.00078,0.0501404,31.556332,0.0025192184,0.024613939,1.0459398,1.0124607
0.00078,0.0501404,31.345921,0.002159393,0.024449819,1.1336989,1.0123765
0.00078,0.0501404,30.838868,0.0017706604,0.024054317,0.95598338,1.0121738
0.00078,0.0501404,30.493695,0.0019955263,0.023785082,1.0202482,1.012036
0.00078,0.0501404,30.400861,0.0015078255,0.023712672,1.0426802,1.0119988
0.00078,0.0501404,30.23613,0.0015549954,0.023584181,1.0187743,1.011933
0.00078,0.0501404,30.089485,0.0018841617,0.023469799,1.0315453,1.0118745
0.00078,0.0501404,29.487688,0.0020640642,0.023000396,1.0176929,1.0116343
0.00078,0.0501404,29.441325,0.0022677601,0.022964233,1.0390741,1.0116158
0.00078,0.0501404,29.226906,0.0024916912,0.022796986,0.99094622,1.0115303
0.00078,0.0501404,29.194595,0.0019242523,0.022771784,0.99496255,1.0115173
0.00078,0.0501404,28.972369,0.0022578366,0.022598448,0.99648266,1.0114287
0.00078,0.0501404,28.648508,0.0021830056,0.022345836,1.0639217,1.0112995
0.00078,0.0501404,28.469376,0.0019937597,0.022206113,0.97959072,1.011228
0.00078,0.0501404,28.408807,0.0018826121,0.022158869,0.99924236,1.0112038
0.00078,0.0501404,28.166745,0.0022020691,0.021970061,1.0567572,1.0111073
0.00078,0.0501404,28.00232,0.0016817311,0.02184181,1.0104334,1.0110417
0.00078,0.0501404,27.871673,0.0020088094,0.021739905,0.99737412,1.0109897
0.00078,0.0501404,27.756544,0.0024774602,0.021650104,1.026298,1.0109439
0.00078,0.0501404,27.53968,0.0020392769,0.02148095,0.98730045,1.0108574
0.00078,0.0501404,27.333516,0.0021403435,0.021320143,0.9912926,1.0107752
0.00078,0.0501404,26.867425,0.0035489331,0.020956591,0.9630806,1.0105897
0.0016,0.102852,64.28261,0.005351866,0.10285218,1.0336484,1.0542298
0.0016,0.102852,61.323718,0.0072178705,0.098117949,1.0133448,1.0516091
0.0016,0.102852,57.920086,0.0033189053,0.092672138,1.054222,1.0485953
0.0016,0.102852,57.185156,0.0018829046,0.091496249,1.050379,1.0479457
0.0016,0.102852,56.212369,0.0048166841,0.089939791,1.0373496,1.0470981
0.0016,0.102852,55.98455,0.0014947169,0.08957528,0.98651612,1.0468909
0.0016,0.102852,54.95116,0.002308841,0.087921857,1.0548728,1.0459872
0.0016,0.102852,54.117662,0.0028656758,0.086588259,1.0387326,1.0452592
0.0016,0.102852,53.672074,0.0026035085,0.085875318,1.0644297,1.0448693
0.0016,0.102852,53.265016,0.0019065738,0.085224025,1.0387001,1.0445124
0.0016,0.102852,52.890581,0.0021653407,0.08462493,1.0697381,1.0441861
0.0016,0.102852,52.766978,0.0017308858,0.084427165,1.0272934,1.0440775
0.0016,0.102852,52.266747,0.0019597591,0.083626795,1.0907351,1.0436418
0.0016,0.102852,52.077735,0.0027325908,0.083324377,1.0371874,1.0434785
0.0016,0.102852,51.743686,0.0019318592,0.082789898,1.0605248,1.0431861
0.0016,0.102852,51.657649,0.0023872385,0.082652239,1.0655399,1.043112
0.0016,0.102852,51.309191,0.0015835722,0.082094706,1.0221484,1.0428073
0.0016,0.102852,50.989116,0.0023317509,0.081582586,1.0191682,1.0425302
0.0016,0.102852,50.527186,0.0020782488,0.080843498,1.0469932,1.0421282
0.0016,0.102852,50.347572,0.0021525683,0.080556115,1.0499799,1.0419723
0.0016,0.102852,50.22065,0.0019829091,0.08035304,1.0506083,1.0418617
0.0016,0.102852,49.802665,0.0019582754,0.079684264,1.0663366,1.0414988
0.0016,0.102852,49.750456,0.0027825424,0.07960073,1.0187841,1.0414549
0.0016,0.102852,49.476649,0.001812687,0.079162638,1.0461919,1.0412156
0.0016,0.102852,49.368773,0.0022270161,0.078990036,1.0410487,1.0411228
0.0016,0.102852,48.927776,0.0022327438,0.078284441,1.0288729,1.0407405
0.0016,0.102852,48.802142,0.0016967642,0.078083428,1.06928,1.0406307
0.0016,0.102852,48.726283,0.0017416064,0.077962052,1.0187415,1.040565
0.0016,0.102852,48.357126,0.0016797145,0.077371401,1.0806514,1.0402452
0.0016,0.102852,48.077923,0.0019244634,0.076924676,1.0502142,1.0400039
0.0016,0.102852,48.015036,0.002093221,0.076824057,1.0334766,1.0399498
0.0016,0.102852,47.49203,0.0019652724,0.075987247,1.0103345,1.0394972
0.0016,0.102852,47.271992,0.0021382139,0.075635187,1.0577706,1.0393073
0.0016,0.102852,46.734678,0.0016475857,0.074775484,1.0355699,1.0388424
0.0016,0.102852,46.270591,0.0018431293,0.074032946,1.0467952,1.0384421
0.0016,0.102852,46.136167,0.0020709939,0.073817867,1.0398799,1.0383265
0.0016,0.102852,45.836995,0.001541263,0.073339192,1.0971087,1.0380677
0.0016,0.102852,45.137063,0.0020538114,0.072219301,1.074943,1.0374653
0.0016,0.102852,44.975324,0.0015277833,0.071960519,1.0113897,1.0373253
0.0016,0.102852,44.589286,0.0017623055,0.071342858,1.0122108,1.0369934
0.0016,0.102852,43.999566,0.0016533768,0.070399306,1.0399758,1.0364861
0.0016,0.102852,43.816333,0.0018060894,0.070106133,1.0242313,1.0363288
0.0016,0.102852,43.231534,0.0020578428,0.069170454,1.0445454,1.0358269
0.0016,0.102852,42.680171,0.0022391569,0.068288274,1.059827,1.035354
0.0016,0.102852,42.512847,0.0021880909,0.068020556,1.0618602,1.0352104
0.0016,0.102852,42.309539,0.0026449244,0.067695263,1.0288704,1.0350367
0.0016,0.102852,41.994497,0.0015469495,0.067191195,1.0379618,1.0347654
0.0016,0.102852,41.809178,0.0014977849,0.066894685,1.0477153,1.0346066
0.0016,0.102852,41.279049,0.0011516625,0.066046478,1.0199185,1.0341524
0.0016,0.102852,40.934428,0.0014581386,0.065495085,1.0528063,1.0338579
0.0016,0.102852,40.74223,0.001846696,0.065187568,1.0271958,1.033694
0.0016,0.102852,40.424629,0.0019890334,0.064679406,1.0569325,1.0334227
0.0016,0.102852,39.952819,0.0018810399,0.063924511,1.0156969,1.0330196
0.0016,0.102852,39.618674,0.0019280092,0.063389879,0.98959421,1.0327345
0.0016,0.102852,39.333092,0.0026145218,0.062932948,1.0275529,1.0324915
0.0016,0.102852,39.008617,0.0015537404,0.062413787,1.0443433,1.0322137
0.0016,0.102852,38.485477,0.0022139212,0.061576763,1.0473278,1.0317687
0.0016,0.102852,38.048056,0.0024634393,0.06087689,1.033214,1.0313965
0.0016,0.102852,37.723423,0.0015060504,0.060357477,1.0589386,1.0311193
0.0016,0.102852,37.317395,0.0019999324,0.059707832,1.0822658,1.0307745
0.0016,0.102852,37.122655,0.001955278,0.059396248,1.0191878,1.0306089
0.0016,0.102852,36.689034,0.0018150244,0.058702454,1.0207443,1.0302404
0.0016,0.102852,36.455586,0.0021931248,0.058328937,1.056597,1.0300426
0.0016,0.102852,36.116504,0.0030983723,0.057786406,1.0341663,1.0297556
0.0016,0.102852,35.637268,0.0018987923,0.057019629,1.0358736,1.0293481
0.0016,0.102852,35.606117,0.0030778661,0.056969787,1.0117436,1.0293227
0.0016,0.102852,35.116101,0.0037132386,0.056185762,1.1007592,1.028908
0.0016,0.102852,34.27517,0.0021894815,0.054840272,1.0319027,1.0281949
0.0016,0.102852,34.120119,0.0019724564,0.054592191,1.0107701,1.0280636
0.0016,0.102852,33.696431,0.0023351938,0.05391429,1.05672,1.0277058
0.0016,0.102852,33.497567,0.0020704088,0.053596107,1.0224865,1.0275375
0.0016,0.102852,33.41074,0.0020888197,0.053457184,1.0495108,1.0274642
0.0016,0.102852,33.148208,0.0023219185,0.053037133,1.0166022,1.0272427
0.0016,0.102852,32.976788,0.0023906622,0.052762861,1.0817794,1.027098
0.0016,0.102852,32.510113,0.0061213982,0.052016181,1.0419961,1.0267069
0.0016,0.102852,32.412587,0.0021647523,0.05186014,0.98892973,1.0266219
0.0016,0.102852,32.262754,0.0018047511,0.051620406,1.0565105,1.0264953
0.0016,0.102852,31.973814,0.0018843995,0.051158102,1.0307,1.0262518
0.0016,0.102852,31.556332,0.0025192184,0.050490132,1.0206812,1.0259006
0.0016,0.102852,31.345921,0.002159393,0.050153474,1.0701931,1.0257232
0.0016,0.102852,30.838868,0.0017706604,0.049342189,1.0206082,1.0252963
0.0016,0.102852,30.493695,0.0019955263,0.048789912,1.0434612,1.0250062
0.0016,0.102852,30.400861,0.0015078255,0.048641378,1.0277204,1.0249279
0.0016,0.102852,30.23613,0.0015549954,0.048377808,0.99403665,1.0247895
0.0016,0.102852,30.089485,0.0018841617,0.048143176,1.0136626,1.0246665
0.0016,0.102852,29.487688,0.0020640642,0.0471803,1.0452398,1.0241613
0.0016,0.102852,29.441325,0.0022677601,0.04710612,0.97265423,1.0241225
0.0016,0.102852,29.226906,0.0024916912,0.046763049,1.0046385,1.0239427
0.0016,0.102852,29.194595,0.0019242523,0.046711353,1.0749074,1.0239153
0.0016,0.102852,28.972369,0.0022578366,0.04635579,1.015857,1.0237291
0.0016,0.102852,28.648508,0.0021830056,0.045837613,1.018949,1.0234576
0.0016,0.102852,28.469376,0.0019937597,0.045551001,1.0504654,1.0233074
0.0016,0.102852,28.408807,0.0018826121,0.045454091,0.99700658,1.0232566
0.0016,0.102852,28.166745,0.0022020691,0.045066792,1.0595636,1.023054
0.0016,0.102852,28.00232,0.0016817311,0.044803712,1.0663716,1.0229161
0.0016,0.102852,27.871673,0.0020088094,0.044594677,1.0079087,1.0228069
0.0016,0.102852,27.756544,0.0024774602,0.04441047,1.087579,1.0227108
0.0016,0.102852,27.53968,0.0020392769,0.044063487,1.040329,1.0225291
0.0016,0.102852,27.333516,0.0021403435,0.043733626,0.94066402,1.0223567
0.0016,0.102852,26.867425,0.0035489331,0.042987879,0.97821968,1.0219678
0.0039,0.250702,64.28261,0.005351866,0.25070218,1.190949,1.1434259
0.0039,0.250702,61.323718,0.0072178705,0.2391625,1.1318547,1.1359564
0.0039,0.250702,57.920086,0.0033189053,0.22588834,1.1051213,1.1273786
0.0039,0.250702,57.185156,0.0018829046,0.22302211,1.1496254,1.1255361
0.0039,0.250702,56.212369,0.0048166841,0.21922824,1.1330991,1.1231816
0.0039,0.250702,55.98455,0.0014947169,0.21833974,1.0697945,1.1225709
0.0039,0.250702,54.95116,0.002308841,0.21430953,1.1512356,1.1200482
0.0039,0.250702,54.117662,0.0028656758,0.21105888,1.1629967,1.1180197
0.0039,0.250702,53.672074,0.0026035085,0.20932109,1.1732042,1.1169304
0.0039,0.250702,53.265016,0.0019065738,0.20773356,1.1585165,1.1159311
0.0039,0.250702,52.890581,0.0021653407,0.20627327,1.1271869,1.1150257
0.0039,0.250702,52.766978,0.0017308858,0.20579121,1.1104734,1.1147202
0.0039,0.250702,52.266747,0.0019597591,0.20384031,1.1591163,1.113512
0.0039,0.250702,52.077735,0.0027325908,0.20310317,1.1727734,1.1130649
0.0039,0.250702,51.743686,0.0019318592,0.20180038,1.1339365,1.1122479
0.0039,0.250702,51.657649,0.0023872385,0.20146483,1.1261811,1.112046
0.0039,0.250702,51.309191,0.0015835722,0.20010584,1.0593234,1.111196
0.0039,0.250702,50.989116,0.0023317509,0.19885755,1.102048,1.1104348
0.0039,0.250702,50.527186,0.0020782488,0.19705603,1.156583,1.1093216
0.0039,0.250702,50.347572,0.0021525683,0.19635553,1.1233205,1.1088915
0.0039,0.250702,50.22065,0.0019829091,0.19586053,1.1039771,1.1085851
0.0039,0.250702,49.802665,0.0019582754,0.19423039,1.1403468,1.1075837
0.0039,0.250702,49.750456,0.0027825424,0.19402678,1.1053212,1.1074683
0.0039,0.250702,49.476649,0.001812687,0.19295893,1.1065394,1.1068024
0.0039,0.250702,49.368773,0.0022270161,0.19253821,1.1531171,1.1065494
0.0039,0.250702,48.927776,0.0022327438,0.19081833,1.1010862,1.105497
0.0039,0.250702,48.802142,0.0016967642,0.19032836,1.1627742,1.1051916
0.0039,0.250702,48.726283,0.0017416064,0.1900325,1.1068506,1.1050114
0.0039,0.250702,48.357126,0.0016797145,0.18859279,1.1313382,1.1041322
0.0039,0.250702,48.077923,0.0019244634,0.1875039,1.1964091,1.1034712
0.0039,0.250702,48.015036,0.002093221,0.18725864,1.1310335,1.1033237
0.0039,0.250702,47.49203,0.0019652724,0.18521892,1.0933294,1.1020818
0.0039,0.250702,47.271992,0.0021382139,0.18436077,1.1188876,1.1015625
0.0039,0.250702,46.734678,0.0016475857,0.18226524,1.1060216,1.1002871
0.0039,0.250702,46.270591,0.0018431293,0.18045531,1.1373609,1.0991942
0.0039,0.250702,46.136167,0.0020709939,0.17993105,1.0971336,1.0988797
0.0039,0.250702,45.836995,0.001541263,0.17876428,1.0981935,1.0981703
0.0039,0.250702,45.137063,0.0020538114,0.17603455,1.165798,1.0965311
0.0039,0.250702,44.975324,0.0015277833,0.17540376,1.096453,1.096147
0.0039,0.250702,44.589286,0.0017623055,0.17389822,1.0995102,1.0952452
0.0039,0.250702,43.999566,0.0016533768,0.17159831,1.0613348,1.0938661
0.0039,0.250702,43.816333,0.0018060894,0.1708837,1.1192186,1.09344
0.0039,0.250702,43.231534,0.0020578428,0.16860298,1.0700968,1.0920799
0.0039,0.250702,42.680171,0.0022391569,0.16645267,1.1142039,1.0908002
0.0039,0.250702,42.512847,0.0021880909,0.1658001,1.0959119,1.0904116
0.0039,0.250702,42.309539,0.0026449244,0.1650072,1.0899426,1.0899439
0.0039,0.250702,41.994497,0.0015469495,0.16377854,1.1153326,1.0892055
0.0039,0.250702,41.809178,0.0014977849,0.16305579,1.099538,1.0887765
0.0039,0.250702,41.279049,0.0011516625,0.16098829,1.1050182,1.0875495
0.0039,0.250702,40.934428,0.0014581386,0.15964427,1.1224962,1.0867574
0.0039,0.250702,40.74223,0.001846696,0.1588947,1.1162418,1.0863177
0.0039,0.250702,40.424629,0.0019890334,0.15765605,1.0997846,1.0855882
0.0039,0.250702,39.952819,0.0018810399,0.155816,1.0998683,1.0845039
0.0039,0.250702,39.618674,0.0019280092,0.15451283,1.0980518,1.0837382
0.0039,0.250702,39.333092,0.0026145218,0.15339906,1.1110649,1.0830891
0.0039,0.250702,39.008617,0.0015537404,0.15213361,1.1193756,1.0823399
0.0039,0.250702,38.485477,0.0022139212,0.15009336,1.0766492,1.0811502
0.0039,0.250702,38.048056,0.0024634393,0.14838742,1.0571753,1.0801554
0.0039,0.250702,37.723423,0.0015060504,0.14712135,1.1559323,1.079411
0.0039,0.250702,37.317395,0.0019999324,0.14553784,1.1522709,1.0784921
0.0039,0.250702,37.122655,0.001955278,0.14477835,1.1178321,1.0780502
0.0039,0.250702,36.689034,0.0018150244,0.14308723,1.1147711,1.0770673
0.0039,0.250702,36.455586,0.0021931248,0.14217678,1.0859526,1.0765415
0.0039,0.250702,36.116504,0.0030983723,0.14085437,1.0836376,1.0757807
0.0039,0.250702,35.637268,0.0018987923,0.13898535,1.0883504,1.0746932
0.0039,0.250702,35.606117,0.0030778661,0.13886386,1.1000862,1.0746296
0.0039,0.250702,35.116101,0.0037132386,0.1369528,1.1010621,1.0735302
0.0039,0.250702,34.27517,0.0021894815,0.13367316,1.0734359,1.0716349
0.0039,0.250702,34.120119,0.0019724564,0.13306847,1.0845302,1.0712866
0.0039,0.250702,33.696431,0.0023351938,0.13141608,1.1054217,1.0703408
0.0039,0.250702,33.497567,0.0020704088,0.13064051,1.0702132,1.0698953
0.0039,0.250702,33.41074,0.0020888197,0.13030189,1.0833416,1.0697016
0.0039,0.250702,33.148208,0.0023219185,0.12927801,1.0919172,1.069117
0.0039,0.250702,32.976788,0.0023906622,0.12860947,1.121697,1.0687353
0.0039,0.250702,32.510113,0.0061213982,0.12678944,1.0945559,1.0677137
0.0039,0.250702,32.412587,0.0021647523,0.12640909,1.0707089,1.0674787
0.0039,0.250702,32.262754,0.0018047511,0.12582474,1.0823491,1.0671442
0.0039,0.250702,31.973814,0.0018843995,0.12469787,1.0873576,1.0665032
0.0039,0.250702,31.556332,0.0025192184,0.1230697,1.0585722,1.0655805
0.0039,0.250702,31.345921,0.002159393,0.12224909,1.1147792,1.0651132
0.0039,0.250702,30.838868,0.0017706604,0.12027159,1.005056,1.0639907
0.0039,0.250702,30.493695,0.0019955263,0.11892541,1.0435988,1.06323
0.0039,0.250702,30.400861,0.0015078255,0.11856336,1.0934155,1.0630234
0.0039,0.250702,30.23613,0.0015549954,0.11792091,1.1233516,1.0626607
0.0039,0.250702,30.089485,0.0018841617,0.11734899,1.0884791,1.0623391
0.0039,0.250702,29.487688,0.0020640642,0.11500198,1.0559989,1.0610168
0.0039,0.250702,29.441325,0.0022677601,0.11482117,1.0783785,1.0609157
0.0039,0.250702,29.226906,0.0024916912,0.11398493,1.0778328,1.060446
0.0039,0.250702,29.194595,0.0019242523,0.11385892,1.0844614,1.0603731
0.0039,0.250702,28.972369,0.0022578366,0.11299224,1.054792,1.0598871
0.0039,0.250702,28.648508,0.0021830056,0.11172918,1.06974,1.0591777
0.0039,0.250702,28.469376,0.0019937597,0.11103057,1.1089116,1.0587853
0.0039,0.250702,28.408807,0.0018826121,0.11079435,1.0213923,1.0586525
0.0039,0.250702,28.166745,0.0022020691,0.10985031,1.0679812,1.0581247
0.0039,0.250702,28.00232,0.0016817311,0.10920905,1.081246,1.057764
0.0039,0.250702,27.871673,0.0020088094,0.10869952,1.0895453,1.0574801
0.0039,0.250702,27.756544,0.0024774602,0.10825052,1.0518451,1.0572306
0.0039,0.250702,27.53968,0.0020392769,0.10740475,1.0495072,1.0567566
0.0039,0.250702,27.333516,0.0021403435,0.10660071,1.0617203,1.056308
0.0039,0.250702,26.867425,0.0035489331,0.10478296,1.0849879,1.055299
0.0078,0.501404,64.28261,0.005351866,0.50140436,1.4030143,1.335183
0.0078,0.501404,61.323718,0.0072178705,0.478325,1.37354,1.3150559
0.0078,0.501404,57.920086,0.0033189053,0.45177667,1.3388626,1.2920862
0.0078,0.501404,57.185156,0.0018829046,0.44604422,1.3271331,1.2871931
0.0078,0.501404,56.212369,0.0048166841,0.43845648,1.3179581,1.2811643
0.0078,0.501404,55.98455,0.0014947169,0.43667949,1.2613926,1.2794449
0.0078,0.501404,54.95116,0.002308841,0.42861905,1.3336461,1.2729377
0.0078,0.501404,54.117662,0.0028656758,0.42211776,1.2995228,1.267727
0.0078,0.501404,53.672074,0.0026035085,0.41864217,1.3664875,1.2649185
0.0078,0.501404,53.265016,0.0019065738,0.41546712,1.2895201,1.2623328
0.0078,0.501404,52.890581,0.0021653407,0.41254653,1.2693937,1.2600258
0.0078,0.501404,52.766978,0.0017308858,0.41158243,1.2899656,1.259231
0.0078,0.501404,52.266747,0.0019597591,0.40768062,1.3430919,1.256158
0.0078,0.501404,52.077735,0.0027325908,0.40620634,1.3430767,1.2550452
0.0078,0.501404,51.743686,0.0019318592,0.40360075,1.2868667,1.252943
0.0078,0.501404,51.657649,0.0023872385,0.40292966,1.3186528,1.252445
0.0078,0.501404,51.309191,0.0015835722,0.40021169,1.2465935,1.2502645
0.0078,0.501404,50.989116,0.0023317509,0.39771511,1.2906956,1.2483612
0.0078,0.501404,50.527186,0.0020782488,0.39411205,1.2993798,1.2455421
0.0078,0.501404,50.347572,0.0021525683,0.39271106,1.2641982,1.2444599
0.0078,0.501404,50.22065,0.0019829091,0.39172107,1.2684963,1.2436831
0.0078,0.501404,49.802665,0.0019582754,0.38846079,1.2969658,1.2411634
0.0078,0.501404,49.750456,0.0027825424,0.38805356,1.2866724,1.2408974
0.0078,0.501404,49.476649,0.001812687,0.38591786,1.2763001,1.239198
0.0078,0.501404,49.368773,0.0022270161,0.38507643,1.2829777,1.2385754
0.0078,0.501404,48.927776,0.0022327438,0.38163665,1.2526829,1.2359406
0.0078,0.501404,48.802142,0.0016967642,0.38065671,1.3003334,1.2351624
0.0078,0.501404,48.726283,0.0017416064,0.380065,1.2548391,1.2347133
0.0078,0.501404,48.357126,0.0016797145,0.37718558,1.2989166,1.2325176
0.0078,0.501404,48.077923,0.0019244634,0.3750078,1.3182244,1.2308777
0.0078,0.501404,48.015036,0.002093221,0.37451728,1.3035328,1.2305149
0.0078,0.501404,47.49203,0.0019652724,0.37043783,1.2501488,1.2274251
0.0078,0.501404,47.271992,0.0021382139,0.36872154,1.2368128,1.2261415
0.0078,0.501404,46.734678,0.0016475857,0.36453049,1.2653583,1.2229723
0.0078,0.501404,46.270591,0.0018431293,0.36091061,1.2687504,1.2202791
0.0078,0.501404,46.136167,0.0020709939,0.3598621,1.2326307,1.2195094
0.0078,0.501404,45.836995,0.001541263,0.35752856,1.2752453,1.2177502
0.0078,0.501404,45.137063,0.0020538114,0.35206909,1.2989138,1.2137369
0.0078,0.501404,44.975324,0.0015277833,0.35080753,1.2636506,1.2127839
0.0078,0.501404,44.589286,0.0017623055,0.34779643,1.2481208,1.2105827
0.0078,0.501404,43.999566,0.0016533768,0.34319662,1.2176299,1.2072148
0.0078,0.501404,43.816333,0.0018060894,0.3417674,1.2287032,1.2061802
0.0078,0.501404,43.231534,0.0020578428,0.33720597,1.1930517,1.2028795
0.0078,0.501404,42.680171,0.0022391569,0.33290534,1.234785,1.1997813
0.0078,0.501404,42.512847,0.0021880909,0.33160021,1.2357779,1.1988399
0.0078,0.501404,42.309539,0.0026449244,0.33001441,1.2182924,1.1977185
0.0078,0.501404,41.994497,0.0015469495,0.32755707,1.2062964,1.1959148
0.0078,0.501404,41.809178,0.0014977849,0.32611159,1.2081327,1.1948796
0.0078,0.501404,41.279049,0.0011516625,0.32197658,1.2321178,1.1919209
0.0078,0.501404,40.934428,0.0014581386,0.31928854,1.2460426,1.1900249
0.0078,0.501404,40.74223,0.001846696,0.31778939,1.2381273,1.1889777
0.0078,0.501404,40.424629,0.0019890334,0.3153121,1.2122184,1.1872332
0.0078,0.501404,39.952819,0.0018810399,0.31163199,1.2137396,1.18464
0.0078,0.501404,39.618674,0.0019280092,0.30902566,1.1982248,1.1828145
0.0078,0.501404,39.333092,0.0026145218,0.30679812,1.2265015,1.1812799
0.0078,0.501404,39.008617,0.0015537404,0.30426721,1.2281263,1.1794811
0.0078,0.501404,38.485477,0.0022139212,0.30018672,1.2135945,1.1766689
0.0078,0.501404,38.048056,0.0024634393,0.29677484,1.1996114,1.1743177
0.0078,0.501404,37.723423,0.0015060504,0.2942427,1.2411108,1.1725446
0.0078,0.501404,37.317395,0.0019999324,0.29107568,1.2504177,1.1703849
0.0078,0.501404,37.122655,0.001955278,0.28955671,1.2394151,1.1693436
0.0078,0.501404,36.689034,0.0018150244,0.28617446,1.2324366,1.1670305
0.0078,0.501404,36.455586,0.0021931248,0.28435357,1.2039765,1.1658016
0.0078,0.501404,36.116504,0.0030983723,0.28170873,1.2110368,1.1640303
0.0078,0.501404,35.637268,0.0018987923,0.27797069,1.2053251,1.1614699
0.0078,0.501404,35.606117,0.0030778661,0.27772771,1.2282982,1.1613366
0.0078,0.501404,35.116101,0.0037132386,0.27390559,1.1951103,1.1587787
0.0078,0.501404,34.27517,0.0021894815,0.26734633,1.2260379,1.1543509
0.0078,0.501404,34.120119,0.0019724564,0.26613693,1.1950338,1.1535401
0.0078,0.501404,33.696431,0.0023351938,0.26283217,1.2205632,1.1513527
0.0078,0.501404,33.497567,0.0020704088,0.26128102,1.1813754,1.1503189
0.0078,0.501404,33.41074,0.0020888197,0.26060377,1.2142288,1.1498712
0.0078,0.501404,33.148208,0.0023219185,0.25855602,1.2114607,1.1485234
0.0078,0.501404,32.976788,0.0023906622,0.25721895,1.1922602,1.1476432
0.0078,0.501404,32.510113,0.0061213982,0.25357888,1.194561,1.1453283
0.0078,0.501404,32.412587,0.0021647523,0.25281818,1.172655,1.1447459
0.0078,0.501404,32.262754,0.0018047511,0.25164948,1.2009004,1.1439728
0.0078,0.501404,31.973814,0.0018843995,0.24939575,1.1580035,1.1425009
0.0078,0.501404,31.556332,0.0025192184,0.24613939,1.2076282,1.1403911
0.0078,0.501404,31.345921,0.002159393,0.24449819,1.1661617,1.1393173
0.0078,0.501404,30.838868,0.0017706604,0.24054317,1.119822,1.1367476
0.0078,0.501404,30.493695,0.0019955263,0.23785082,1.1355348,1.1350141
0.0078,0.501404,30.400861,0.0015078255,0.23712672,1.1685134,1.1345388
0.0078,0.501404,30.23613,0.0015549954,0.23584181,1.1814694,1.133713
0.0078,0.501404,30.089485,0.0018841617,0.23469799,1.1954032,1.1329839
0.0078,0.501404,29.487688,0.0020640642,0.23000396,1.1519621,1.1299809
0.0078,0.501404,29.441325,0.0022677601,0.22964233,1.167712,1.1297534
0.0078,0.501404,29.226906,0.0024916912,0.22796986,1.1470774,1.1286902
0.0078,0.501404,29.194595,0.0019242523,0.22771784,1.1817888,1.1285203
0.0078,0.501404,28.972369,0.0022578366,0.22598448,1.2067736,1.1274225
0.0078,0.501404,28.648508,0.0021830056,0.22345836,1.1388717,1.1258173
0.0078,0.501404,28.469376,0.0019937597,0.22206113,1.1693457,1.1249292
0.0078,0.501404,28.408807,0.0018826121,0.22158869,1.1778768,1.1246285
0.0078,0.501404,28.166745,0.0022020691,0.21970061,1.1636703,1.1234401
0.0078,0.501404,28.00232,0.0016817311,0.2184181,1.1795037,1.1226231
0.0078,0.501404,27.871673,0.0020088094,0.21739905,1.1722836,1.121986
0.0078,0.501404,27.756544,0.0024774602,0.21650104,1.1425616,1.1214277
0.0078,0.501404,27.53968,0.0020392769,0.2148095,1.176943,1.1203581
0.0078,0.501404,27.333516,0.0021403435,0.21320143,1.1295212,1.1193508
0.0078,0.501404,26.867425,0.0035489331,0.20956591,1.1356462,1.1170962
0.016,1.02852,64.28261,0.005351866,1.0285218,2.3566669,2.0647513
0.016,1.02852,61.323718,0.0072178705,0.98117949,2.1811756,1.9697956
0.016,1.02852,57.920086,0.0033189053,0.92672138,2.0184238,1.8659305
0.016,1.02852,57.185156,0.0018829046,0.91496249,2.0861793,1.8445953
0.016,1.02852,56.212369,0.0048166841,0.89939791,2.0038926,1.8204164
0.016,1.02852,55.98455,0.0014947169,0.8957528,1.9214968,1.8121734
0.016,1.02852,54.95116,0.002308841,0.87921857,1.9761091,1.7858927
0.016,1.02852,54.117662,0.0028656758,0.86588259,1.9083735,1.7651599
0.016,1.02852,53.672074,0.0026035085,0.85875318,2.0028313,1.7539463
0.016,1.02852,53.265016,0.0019065738,0.85224025,1.9323428,1.7435776
0.016,1.02852,52.890581,0.0021653407,0.8462493,1.8799826,1.7346435
0.016,1.02852,52.766978,0.0017308858,0.84427165,1.918268,1.7314353
0.016,1.02852,52.266747,0.0019597591,0.83626795,1.9460868,1.7196221
0.016,1.02852,52.077735,0.0027325908,0.83324377,1.9276767,1.7155505
0.016,1.02852,51.743686,0.0019318592,0.82789898,1.8669297,1.7073027
0.016,1.02852,51.657649,0.0023872385,0.82652239,1.9257205,1.7055222
0.016,1.02852,51.309191,0.0015835722,0.82094706,1.7870051,1.6970452
0.016,1.02852,50.989116,0.0023317509,0.81582586,1.8433729,1.6900493
0.016,1.02852,50.527186,0.0020782488,0.80843498,1.8511474,1.6794228
0.016,1.02852,50.347572,0.0021525683,0.80556115,1.801765,1.675407
0.016,1.02852,50.22065,0.0019829091,0.8035304,1.8009194,1.67248
0.016,1.02852,49.802665,0.0019582754,0.79684264,1.8429987,1.663153
0.016,1.02852,49.750456,0.0027825424,0.7960073,1.8380354,1.6623581
0.016,1.02852,49.476649,0.001812687,0.79162638,1.7884893,1.6558961
0.016,1.02852,49.368773,0.0022270161,0.78990036,1.8169125,1.6537068
0.016,1.02852,48.927776,0.0022327438,0.78284441,1.7807837,1.6441003
0.016,1.02852,48.802142,0.0016967642,0.78083428,1.83142,1.6411628
0.016,1.02852,48.726283,0.0017416064,0.77962052,1.7422106,1.6395461
0.016,1.02852,48.357126,0.0016797145,0.77371401,1.7799923,1.6316103
0.016,1.02852,48.077923,0.0019244634,0.76924676,1.83776,1.6257738
0.016,1.02852,48.015036,0.002093221,0.76824057,1.8410173,1.624509
0.016,1.02852,47.49203,0.0019652724,0.75987247,1.7043751,1.6134761
0.016,1.02852,47.271992,0.0021382139,0.75635187,1.7402367,1.6089638
0.016,1.02852,46.734678,0.0016475857,0.74775484,1.7267598,1.5977194
0.016,1.02852,46.270591,0.0018431293,0.74032946,1.7323424,1.5883541
0.016,1.02852,46.136167,0.0020709939,0.73817867,1.701938,1.5857201
0.016,1.02852,45.836995,0.001541263,0.73339192,1.7473987,1.5795376
0.016,1.02852,45.137063,0.0020538114,0.72219301,1.7849844,1.5658384
0.016,1.02852,44.975324,0.0015277833,0.71960519,1.6889326,1.5625012
0.016,1.02852,44.589286,0.0017623055,0.71342858,1.6809283,1.5550616
0.016,1.02852,43.999566,0.0016533768,0.70399306,1.6468531,1.5436899
0.016,1.02852,43.816333,0.0018060894,0.70106133,1.7002754,1.5402452
0.016,1.02852,43.231534,0.0020578428,0.69170454,1.6316447,1.5292825
0.016,1.02852,42.680171,0.0022391569,0.68288274,1.647599,1.5190703
0.016,1.02852,42.512847,0.0021880909,0.68020556,1.6472994,1.5159694
0.016,1.02852,42.309539,0.0026449244,0.67695263,1.5978435,1.512355
0.016,1.02852,41.994497,0.0015469495,0.67191195,1.6540569,1.5063205
0.016,1.02852,41.809178,0.0014977849,0.66894685,1.6344293,1.5029482
0.016,1.02852,41.279049,0.0011516625,0.66046478,1.6169482,1.4933353
0.016,1.02852,40.934428,0.0014581386,0.65495085,1.6170646,1.4872805
0.016,1.02852,40.74223,0.001846696,0.65187568,1.6292611,1.4839749
0.016,1.02852,40.424629,0.0019890334,0.64679406,1.577004,1.4784265
0.016,1.02852,39.952819,0.0018810399,0.63924511,1.5946062,1.4701879
0.016,1.02852,39.618674,0.0019280092,0.63389879,1.5581205,1.4644359
0.016,1.02852,39.333092,0.0026145218,0.62932948,1.6355878,1.4596917
0.016,1.02852,39.008617,0.0015537404,0.62413787,1.5668817,1.453954
0.016,1.02852,38.485477,0.0022139212,0.61576763,1.5867314,1.4452827
0.016,1.02852,38.048056,0.0024634393,0.6087689,1.5267085,1.4380479
0.016,1.02852,37.723423,0.0015060504,0.60357477,1.5501533,1.43251
0.016,1.02852,37.317395,0.0019999324,0.59707832,1.6147689,1.4259589
0.016,1.02852,37.122655,0.001955278,0.59396248,1.5693309,1.4227864
0.016,1.02852,36.689034,0.0018150244,0.58702454,1.55995,1.4157663
0.016,1.02852,36.455586,0.0021931248,0.58328937,1.5280756,1.412093
0.016,1.02852,36.116504,0.0030983723,0.57786406,1.5232389,1.4068475
0.016,1.02852,35.637268,0.0018987923,0.57019629,1.526654,1.3990956
0.016,1.02852,35.606117,0.0030778661,0.56969787,1.5443391,1.3987949
0.016,1.02852,35.116101,0.0037132386,0.56185762,1.535603,1.3912505
0.016,1.02852,34.27517,0.0021894815,0.54840272,1.5047314,1.3781054
0.016,1.02852,34.120119,0.0019724564,0.54592191,1.4894684,1.3757202
0.016,1.02852,33.696431,0.0023351938,0.5391429,1.4992926,1.3693776
0.016,1.02852,33.497567,0.0020704088,0.53596107,1.5179822,1.3663616
0.016,1.02852,33.41074,0.0020888197,0.53457184,1.4995002,1.365067
0.016,1.02852,33.148208,0.0023219185,0.53037133,1.4669868,1.3611906
0.016,1.02852,32.976788,0.0023906622,0.52762861,1.5050607,1.3586602
0.016,1.02852,32.510113,0.0061213982,0.52016181,1.538628,1.3522571
0.016,1.02852,32.412587,0.0021647523,0.5186014,1.4353158,1.350341
0.016,1.02852,32.262754,0.0018047511,0.51620406,1.4851451,1.3481128
0.016,1.02852,31.973814,0.0018843995,0.51158102,1.4634259,1.3439304
0.016,1.02852,31.556332,0.0025192184,0.50490132,1.4650666,1.3379919
0.016,1.02852,31.345921,0.002159393,0.50153474,1.4392694,1.334941
0.016,1.02852,30.838868,0.0017706604,0.49342189,1.3816459,1.3277017
0.016,1.02852,30.493695,0.0019955263,0.48789912,1.421072,1.322871
0.016,1.02852,30.400861,0.0015078255,0.48641378,1.4593232,1.3215209
0.016,1.02852,30.23613,0.0015549954,0.48377808,1.4065938,1.3192265
0.016,1.02852,30.089485,0.0018841617,0.48143176,1.414325,1.3172195
0.016,1.02852,29.487688,0.0020640642,0.471803,1.4195941,1.3089287
0.016,1.02852,29.441325,0.0022677601,0.4710612,1.3929418,1.3083122
0.016,1.02852,29.226906,0.0024916912,0.46763049,1.4430271,1.3054005
0.016,1.02852,29.194595,0.0019242523,0.46711353,1.3917523,1.3049069
0.016,1.02852,28.972369,0.0022578366,0.4635579,1.4392906,1.3019143
0.016,1.02852,28.648508,0.0021830056,0.45837613,1.4075242,1.2975264
0.016,1.02852,28.469376,0.0019937597,0.45551001,1.4361429,1.2950994
0.016,1.02852,28.408807,0.0018826121,0.45454091,1.3855091,1.2942768
0.016,1.02852,28.166745,0.0022020691,0.45066792,1.3801956,1.2910653
0.016,1.02852,28.00232,0.0016817311,0.44803712,1.3834676,1.2888308
0.016,1.02852,27.871673,0.0020088094,0.44594677,1.39203,1.2871227
0.016,1.02852,27.756544,0.0024774602,0.4441047,1.4116746,1.2856355
0.016,1.02852,27.53968,0.0020392769,0.44063487,1.3869384,1.2827362
0.016,1.02852,27.333516,0.0021403435,0.43733626,1.3762324,1.2800336
0.016,1.02852,26.867425,0.0035489331,0.42987879,1.3578153,1.2740533
0.023,1.4785,64.28261,0.005351866,1.4785,4.7478107,3.878771
0.023,1.4785,61.323718,0.0072178705,1.4104455,3.9612926,3.4344298
0.023,1.4785,57.920086,0.0033189053,1.332162,3.5255833,3.008032
0.023,1.4785,57.185156,0.0018829046,1.3152586,3.4857212,2.9277828
0.023,1.4785,56.212369,0.0048166841,1.2928845,3.2797792,2.8446376
0.023,1.4785,55.98455,0.0014947169,1.2876446,3.174536,2.8124846
0.023,1.4785,54.95116,0.002308841,1.2638767,3.2898204,2.7237694
0.023,1.4785,54.117662,0.0028656758,1.2447062,3.1140784,2.6557959
0.023,1.4785,53.672074,0.0026035085,1.2344577,3.2104346,2.6193254
0.023,1.4785,53.265016,0.0019065738,1.2250954,3.0666349,2.5857425
0.023,1.4785,52.890581,0.0021653407,1.2164834,2.9810885,2.5578314
0.023,1.4785,52.766978,0.0017308858,1.2136405,3.0064924,2.5474999
0.023,1.4785,52.266747,0.0019597591,1.2021352,3.0611086,2.5111523
0.023,1.4785,52.077735,0.0027325908,1.1977879,3.0198886,2.4992232
0.023,1.4785,51.743686,0.0019318592,1.1901048,2.9447854,2.4736386
0.023,1.4785,51.657649,0.0023872385,1.1881259,2.9586694,2.4685668
0.023,1.4785,51.309191,0.0015835722,1.1801114,2.7760805,2.442644
0.023,1.4785,50.989116,0.0023317509,1.1727497,2.8501213,2.4223496
0.023,1.4785,50.527186,0.0020782488,1.1621253,2.8489532,2.3910013
0.023,1.4785,50.347572,0.0021525683,1.1579942,2.7581822,2.3793639
0.023,1.4785,50.22065,0.0019829091,1.1550749,2.7726553,2.3707898
0.023,1.4785,49.802665,0.0019582754,1.1454613,2.7958636,2.3439719
0.023,1.4785,49.750456,0.0027825424,1.1442605,2.7706885,2.3421536
0.023,1.4785,49.476649,0.001812687,1.1379629,2.6630585,2.3232522
0.023,1.4785,49.368773,0.0022270161,1.1354818,2.7649934,2.3172803
0.023,1.4785,48.927776,0.0022327438,1.1253388,2.6308898,2.2903064
0.023,1.4785,48.802142,0.0016967642,1.1224493,2.6539639,2.2818525
0.023,1.4785,48.726283,0.0017416064,1.1207045,2.6436257,2.2773837
0.023,1.4785,48.357126,0.0016797145,1.1122139,2.6746805,2.2554367
0.023,1.4785,48.077923,0.0019244634,1.1057922,2.7582143,2.2395666
0.023,1.4785,48.015036,0.002093221,1.1043458,2.6895788,2.2361953
0.023,1.4785,47.49203,0.0019652724,1.0923167,2.5140916,2.2062645
0.023,1.4785,47.271992,0.0021382139,1.0872558,2.5438485,2.1942362
0.023,1.4785,46.734678,0.0016475857,1.0748976,2.4408875,2.1641514
0.023,1.4785,46.270591,0.0018431293,1.0642236,2.4423966,2.1396515
0.023,1.4785,46.136167,0.0020709939,1.0611318,2.4091009,2.1328763
0.023,1.4785,45.836995,0.001541263,1.0542509,2.4750218,2.1166442
0.023,1.4785,45.137063,0.0020538114,1.0381525,2.4863588,2.0817295
0.023,1.4785,44.975324,0.0015277833,1.0344325,2.3426476,2.073077
0.023,1.4785,44.589286,0.0017623055,1.0255536,2.3454377,2.054403
0.023,1.4785,43.999566,0.0016533768,1.01199,2.2956118,2.0260086
0.023,1.4785,43.816333,0.0018060894,1.0077757,2.2980113,2.0175398
0.023,1.4785,43.231534,0.0020578428,0.99432528,2.2577763,1.9907304
0.023,1.4785,42.680171,0.0022391569,0.98164394,2.2527979,1.9660347
0.023,1.4785,42.512847,0.0021880909,0.97779549,2.2628278,1.9585619
0.023,1.4785,42.309539,0.0026449244,0.9731194,2.2454936,1.9500273
0.023,1.4785,41.994497,0.0015469495,0.96587342,2.2346095,1.9353507
0.023,1.4785,41.809178,0.0014977849,0.96161109,2.2063942,1.9273469
0.023,1.4785,41.279049,0.0011516625,0.94941812,2.1397764,1.9046485
0.023,1.4785,40.934428,0.0014581386,0.94149184,2.173499,1.8906067
0.023,1.4785,40.74223,0.001846696,0.93707129,2.1947809,1.8830313
0.023,1.4785,40.424629,0.0019890334,0.92976646,2.1238473,1.8702548
0.023,1.4785,39.952819,0.0018810399,0.91891484,2.1038181,1.8513542
0.023,1.4785,39.618674,0.0019280092,0.9112295,2.0469071,1.8382871
0.023,1.4785,39.333092,0.0026145218,0.90466112,2.1778744,1.8277063
0.023,1.4785,39.008617,0.0015537404,0.89719819,2.1062326,1.8145922
0.023,1.4785,38.485477,0.0022139212,0.88516597,2.0718604,1.7953872
0.023,1.4785,38.048056,0.0024634393,0.87510529,2.0059762,1.7794379
0.023,1.4785,37.723423,0.0015060504,0.86763873,2.0248458,1.767106
0.023,1.4785,37.317395,0.0019999324,0.85830008,2.0938648,1.7529058
0.023,1.4785,37.122655,0.001955278,0.85382106,2.0084293,1.7460148
0.023,1.4785,36.689034,0.0018150244,0.84384777,2.0065995,1.7308442
0.023,1.4785,36.455586,0.0021931248,0.83847847,2.0176396,1.7230241
0.023,1.4785,36.116504,0.0030983723,0.83067959,2.0114385,1.7119623
0.023,1.4785,35.637268,0.0018987923,0.81965716,1.950686,1.6953398
0.023,1.4785,35.606117,0.0030778661,0.81894069,1.9906088,1.6948781
0.023,1.4785,35.116101,0.0037132386,0.80767033,1.989758,1.6790966
0.023,1.4785,34.27517,0.0021894815,0.78832891,1.8946267,1.6515411
0.023,1.4785,34.120119,0.0019724564,0.78476275,1.8931061,1.6465928
0.023,1.4785,33.696431,0.0023351938,0.77501792,1.9192798,1.6336131
0.023,1.4785,33.497567,0.0020704088,0.77044405,1.8659227,1.6274174
0.023,1.4785,33.41074,0.0020888197,0.76844703,1.8712704,1.6247802
0.023,1.4785,33.148208,0.0023219185,0.76240879,1.8797376,1.6169249
0.023,1.4785,32.976788,0.0023906622,0.75846612,1.8908138,1.6118041
0.023,1.4785,32.510113,0.0061213982,0.7477326,1.9299697,1.5992935
0.023,1.4785,32.412587,0.0021647523,0.74548951,1.8089736,1.5950127
0.023,1.4785,32.262754,0.0018047511,0.74204334,1.8686691,1.5905085
0.023,1.4785,31.973814,0.0018843995,0.73539772,1.7993944,1.5821629
0.023,1.4785,31.556332,0.0025192184,0.72579565,1.8170445,1.5704255
0.023,1.4785,31.345921,0.002159393,0.72095619,1.7557586,1.564355
0.023,1.4785,30.838868,0.0017706604,0.70929397,1.6964066,1.5500748
0.023,1.4785,30.493695,0.0019955263,0.70135498,1.7421386,1.5406494
0.023,1.4785,30.400861,0.0015078255,0.69921981,1.8041338,1.5379748
0.023,1.4785,30.23613,0.0015549954,0.69543099,1.6955204,1.5335156
0.023,1.4785,30.089485,0.0018841617,0.69205816,1.7515718,1.529648
0.023,1.4785,29.487688,0.0020640642,0.67821681,1.7430336,1.5136515
0.023,1.4785,29.441325,0.0022677601,0.67715047,1.7348221,1.5124827
0.023,1.4785,29.226906,0.0024916912,0.67221883,1.7389525,1.5069118
0.023,1.4785,29.194595,0.0019242523,0.6714757,1.7218419,1.5059218
0.023,1.4785,28.972369,0.0022578366,0.66636448,1.7433839,1.5002244
0.023,1.4785,28.648508,0.0021830056,0.65891568,1.6888389,1.4918581
0.023,1.4785,28.469376,0.0019937597,0.65479564,1.7680717,1.4872358
0.023,1.4785,28.408807,0.0018826121,0.65340255,1.6639678,1.4856685
0.023,1.4785,28.166745,0.0022020691,0.64783514,1.6969131,1.4796156
0.023,1.4785,28.00232,0.0016817311,0.64405337,1.6943002,1.475364
0.023,1.4785,27.871673,0.0020088094,0.64104848,1.6893417,1.4721703
0.023,1.4785,27.756544,0.0024774602,0.6384005,1.6631167,1.469406
0.023,1.4785,27.53968,0.0020392769,0.63341263,1.6702183,1.4639381
0.023,1.4785,27.333516,0.0021403435,0.62867088,1.6538655,1.4588894
0.023,1.4785,26.867425,0.0035489331,0.61795077,1.6207253,1.4478371
